Source File	Size	loadResources	load	generateSnapshots	load-configure	scan	loadDepInfo	loadInfo	checkR4R4B	generateNarratives	validate	loadLists	checkConformanceResources	checkConformanceResources2	checkConformanceResources3	generateLogicalMaps	validateExpressions	scanForUsageStats	checkURLsUnique	processProvenanceDetails	generate1	generate2	generateLogicals	makeDependencies	generateExampleZip	generateValidationPack	scanProfilesForR5	scanExamplesForR5
/fsh-generated/resources/ImplementationGuide-rarelink-ig.json	20351	-	0	0	0	0	0	0	15	72	0	0	0	0	0	0	0	1	0	0	141	177	0	0	0	5	0	1
fsh-generated/resources/StructureDefinition-age-at-diagnosis.json	1469	3	0	12	1	0	0	0	0	32	0	0	1	0	0	0	0	0	0	0	36	740	0	1	0	2	0	0
fsh-generated/resources/StructureDefinition-age-at-onset.json	1443	1	0	11	0	0	0	0	0	7	0	0	0	0	0	0	0	0	0	0	27	175	0	0	0	1	0	0
fsh-generated/resources/StructureDefinition-birth-place.json	1565	1	0	78	0	0	0	0	0	11	0	0	0	0	0	0	0	1	0	0	53	152	0	0	0	6	0	0
fsh-generated/resources/StructureDefinition-cause-of-death-code.json	1762	1	0	17	0	0	0	0	1	10	0	0	0	0	0	0	0	1	0	0	56	134	0	0	0	3	0	1
fsh-generated/resources/StructureDefinition-cause-of-death-definition.json	1676	1	0	16	0	0	0	0	0	10	0	0	0	0	0	0	0	0	0	0	54	120	0	0	0	2	0	0
fsh-generated/resources/StructureDefinition-cause-of-death.json	1988	1	0	11	0	0	0	0	0	9	0	0	0	0	0	0	0	0	0	0	37	151	0	0	0	2	0	0
fsh-generated/resources/StructureDefinition-causing-agent.json	1850	1	0	14	0	0	0	0	0	9	0	0	0	0	0	0	0	0	0	0	54	116	0	0	0	2	0	0
fsh-generated/resources/StructureDefinition-clinical-modifier-1.json	1885	2	0	16	0	0	0	0	0	10	0	0	0	0	0	0	0	0	0	0	52	114	0	0	0	2	0	0
fsh-generated/resources/StructureDefinition-clinical-modifier-2.json	1885	1	0	17	1	0	0	0	0	9	0	0	0	0	0	0	0	1	0	0	51	108	0	0	0	2	0	0
fsh-generated/resources/StructureDefinition-clinical-modifier-3.json	1885	1	0	17	0	0	0	0	0	53	0	0	0	0	0	0	0	0	0	0	52	105	0	0	0	2	0	1
fsh-generated/resources/StructureDefinition-consanguinity.json	1894	1	0	14	0	0	0	0	0	34	0	0	0	0	0	0	0	0	0	0	51	111	0	0	0	2	0	0
fsh-generated/resources/StructureDefinition-date-of-admission.json	1268	1	0	5	0	0	0	0	0	6	0	0	0	0	0	0	0	0	0	0	25	74	0	0	0	1	0	0
fsh-generated/resources/StructureDefinition-erdri-agreement-to-be-contacted.json	1977	1	0	12	0	0	0	0	0	12	0	0	0	0	0	0	0	0	0	0	54	97	0	0	0	1	0	0
fsh-generated/resources/StructureDefinition-erdri-consent-to-reuse-data.json	1906	1	0	13	0	0	0	0	0	10	0	0	0	0	0	0	0	0	0	0	53	97	0	0	0	2	1	0
fsh-generated/resources/StructureDefinition-phenotype-severity.json	1883	1	0	15	0	0	0	0	0	10	0	0	0	0	0	0	0	0	0	0	54	96	0	0	0	3	0	0
fsh-generated/resources/StructureDefinition-phenotype-status.json	1940	1	0	12	0	0	0	0	0	10	0	0	1	0	0	0	0	1	0	0	53	105	0	0	0	2	0	1
fsh-generated/resources/StructureDefinition-propositus.json	1845	1	0	10	0	0	0	0	0	10	0	0	0	0	0	0	0	0	0	0	52	104	0	0	0	2	0	0
fsh-generated/resources/StructureDefinition-rarelink-condition-undiagnosed-rd-case.json	1576	1	0	37	0	0	0	0	0	19	0	0	0	0	0	0	0	0	0	0	134	747	0	0	0	7	0	1
fsh-generated/resources/StructureDefinition-rarelink-consent.json	3206	2	0	47	0	0	0	0	0	32	0	0	0	0	0	0	0	1	0	0	194	322	0	0	0	9	0	1
fsh-generated/resources/StructureDefinition-rarelink-diagnostic-implication.json	5766	2	0	158	0	0	0	0	0	522	0	0	0	0	0	0	0	2	0	0	533	1312	0	0	0	22	0	2
fsh-generated/resources/StructureDefinition-rarelink-encounter.json	1648	1	0	151	0	0	0	0	0	14	0	0	0	0	0	0	0	1	0	0	155	258	0	0	0	8	1	1
fsh-generated/resources/StructureDefinition-rarelink-familyhistory.json	3720	2	0	37	0	0	0	0	1	16	0	0	1	0	0	0	0	1	0	0	156	232	0	0	0	7	0	1
fsh-generated/resources/StructureDefinition-rarelink-genetic-variant.json	12365	4	0	364	0	0	0	0	0	133	0	0	1	0	0	0	0	5	0	0	1417	2692	0	0	0	53	0	5
fsh-generated/resources/StructureDefinition-rarelink-ips-condition.json	4451	1	0	84	0	0	0	0	0	29	0	0	0	0	0	0	0	1	0	0	183	539	0	0	0	7	0	1
fsh-generated/resources/StructureDefinition-rarelink-ips-measurement-laboratory.json	2254	1	0	144	0	0	0	0	0	31	0	0	0	0	0	0	0	1	0	0	330	1026	0	0	0	13	1	1
fsh-generated/resources/StructureDefinition-rarelink-ips-measurement-radiology.json	3081	2	0	98	1	0	0	0	0	29	0	0	1	0	0	0	0	2	0	0	362	553	0	0	0	12	0	1
fsh-generated/resources/StructureDefinition-rarelink-ips-patient.json	4993	2	0	44	0	0	0	0	0	19	0	0	0	0	0	0	0	0	0	0	199	276	0	0	0	8	0	0
fsh-generated/resources/StructureDefinition-rarelink-ips-procedure.json	1822	1	0	37	0	0	0	0	0	17	0	0	0	0	0	0	0	1	0	0	173	250	0	0	0	7	0	1
fsh-generated/resources/StructureDefinition-rarelink-karyotypic-sex.json	2564	2	0	36	0	0	0	0	0	18	0	0	0	0	0	0	0	1	0	0	176	484	0	0	0	8	0	0
fsh-generated/resources/StructureDefinition-rarelink-observation-age-category.json	3760	1	0	34	0	0	0	0	0	18	0	0	0	0	0	0	0	1	0	0	194	438	0	0	0	7	0	1
fsh-generated/resources/StructureDefinition-rarelink-observation-gestation-at-birth.json	6412	2	0	51	0	0	0	0	0	74	0	0	0	0	0	0	0	1	0	0	309	602	0	0	0	13	0	1
fsh-generated/resources/StructureDefinition-rarelink-observation-measurements-others.json	5138	2	0	40	0	0	0	0	1	38	0	0	1	0	0	0	0	1	0	0	278	217	0	0	0	10	0	0
fsh-generated/resources/StructureDefinition-rarelink-observation-vital-signs.json	3978	2	0	41	0	0	0	0	0	34	0	0	0	0	0	0	0	1	0	0	250	454	0	0	0	9	1	1
fsh-generated/resources/StructureDefinition-rarelink-phenotypic-feature.json	6503	2	0	40	0	0	0	0	0	31	0	0	0	0	0	0	0	1	0	0	229	200	0	0	0	8	0	1
fsh-generated/resources/StructureDefinition-recorded-sex-at-birth.json	1742	2	0	9	0	0	0	0	0	9	0	0	0	0	0	0	0	0	0	0	50	63	0	0	0	2	0	0
fsh-generated/resources/StructureDefinition-resolution-date.json	1277	1	0	4	0	0	0	0	0	6	0	0	0	0	0	0	0	0	0	0	25	49	0	0	0	0	0	0
fsh-generated/resources/StructureDefinition-temporal-pattern.json	1937	1	0	7	0	0	0	0	0	9	0	0	0	0	0	0	0	0	0	0	49	56	0	0	0	2	0	0
fsh-generated/resources/StructureDefinition-vital-status.json	1424	1	0	3	0	0	0	0	0	5	0	0	0	0	0	0	0	0	0	0	28	51	0	0	0	1	0	0
fsh-generated/resources/ValueSet-age-at-diagnosis-vs.json	787	1	0	0	0	0	0	0	0	618	0	0	0	0	0	0	0	0	0	0	6	51	0	0	0	0	0	0
fsh-generated/resources/ValueSet-age-at-onset-vs.json	767	1	0	0	0	0	0	0	1	1	0	0	0	0	0	0	0	0	0	0	5	31	0	0	0	0	0	0
fsh-generated/resources/ValueSet-age-category-vs.json	1162	0	0	0	0	0	0	0	0	252	0	0	0	0	0	0	0	0	0	0	6	34	0	0	0	0	0	0
fsh-generated/resources/ValueSet-age-of-onset-vs.json	1562	2	0	0	0	0	0	0	0	4172	0	0	0	0	0	0	0	0	0	0	7	48	0	0	0	0	0	0
fsh-generated/resources/ValueSet-agreement-to-be-contacted-vs.json	762	1	0	0	0	0	0	0	1	249	0	0	0	0	0	0	0	0	0	0	5	25	0	0	0	1	0	0
fsh-generated/resources/ValueSet-clinical-significance-vs.json	1037	1	0	0	0	0	0	0	0	509	0	0	0	0	0	0	0	0	0	0	6	24	0	0	0	0	0	0
fsh-generated/resources/ValueSet-consanguinity-vs.json	822	0	0	0	0	0	0	0	0	268	0	0	0	0	0	0	0	0	0	0	5	28	0	0	0	0	0	0
fsh-generated/resources/ValueSet-consent-to-reuse-vs.json	715	1	0	0	0	0	0	0	1	1	0	0	0	0	0	0	0	0	0	0	7	27	0	0	0	0	0	0
fsh-generated/resources/ValueSet-dna-change-type-vs.json	1087	1	0	0	0	0	0	0	0	251	0	0	0	0	0	0	0	0	0	0	6	25	0	0	0	0	0	0
fsh-generated/resources/ValueSet-encounter-class-vs.json	1369	1	0	0	0	0	0	0	0	2217	0	0	0	0	0	0	0	0	0	0	7	32	0	0	0	1	0	0
fsh-generated/resources/ValueSet-family-relationship-vs.json	1619	1	0	0	0	0	0	0	1	213	0	0	0	0	0	0	0	0	0	0	9	26	0	0	0	0	0	0
fsh-generated/resources/ValueSet-family-sex-vs.json	901	1	0	0	0	0	0	0	0	248	0	0	0	0	0	0	0	0	0	0	7	26	0	0	0	0	0	0
fsh-generated/resources/ValueSet-genomic-source-class-vs.json	1215	1	0	0	1	0	0	0	1	247	0	0	0	0	0	0	0	0	0	0	7	25	0	1	0	1	0	0
fsh-generated/resources/ValueSet-karyotypic-sex-vs.json	1376	1	0	0	0	0	0	0	0	246	0	0	0	0	0	0	0	0	0	0	8	28	0	0	0	0	0	0
fsh-generated/resources/ValueSet-level-of-evidence-vs.json	1226	1	0	0	0	0	0	0	0	252	0	0	0	0	0	0	0	0	0	0	7	26	0	0	0	0	0	0
fsh-generated/resources/ValueSet-phenotype-severity-vs.json	916	1	0	0	0	0	0	0	1	626	0	0	0	0	0	0	0	0	0	0	6	24	0	0	0	0	0	0
fsh-generated/resources/ValueSet-phenotype-status-vs.json	622	0	0	0	0	0	0	0	0	245	0	0	0	0	0	0	0	0	0	0	8	26	0	0	0	1	0	0
fsh-generated/resources/ValueSet-propositus-vs.json	796	1	0	0	0	0	0	0	0	2	0	0	0	0	0	0	0	0	0	0	7	33	0	0	0	0	0	0
fsh-generated/resources/ValueSet-reference-genome-vs.json	944	1	0	0	0	0	0	0	0	261	0	0	0	0	0	0	0	0	0	0	8	25	0	0	0	0	0	0
fsh-generated/resources/ValueSet-severity-vs.json	669	1	0	0	0	0	0	0	0	258	0	0	0	0	0	0	0	0	0	0	7	23	0	0	0	0	0	0
fsh-generated/resources/ValueSet-sex-at-birth-vs.json	900	1	0	0	0	0	0	0	1	2	0	0	0	0	0	0	0	0	0	0	5	23	0	0	0	1	0	0
fsh-generated/resources/ValueSet-structural-variant-method-vs.json	1454	1	0	0	0	0	0	0	0	254	0	0	0	0	0	0	0	0	0	0	7	22	0	0	0	0	0	0
fsh-generated/resources/ValueSet-temporal-pattern-vs.json	1216	1	0	0	0	0	0	0	0	629	0	0	0	0	0	0	0	0	0	0	6	29	0	0	0	0	0	0
fsh-generated/resources/ValueSet-undiagnosed-rd-case-vs.json	821	1	0	0	0	0	0	0	1	744	0	0	0	0	0	0	0	0	0	0	7	25	0	0	0	0	0	0
fsh-generated/resources/ValueSet-vital-status-vs.json	926	1	0	0	0	0	0	0	0	248	0	0	0	0	0	0	0	0	0	0	6	22	0	0	0	1	0	0
fsh-generated/resources/ValueSet-zygosity-vs.json	1091	1	0	0	0	0	0	0	0	250	0	0	0	0	0	0	0	0	0	0	6	19	0	0	0	0	0	0
/input/includes/img.html	237	-	-	-	0	0	0	0	0	0	0	0	0	0	0	0	0	0	0	0	0	0	0	0	0	0	0	0
/fsh-generated/includes/menu.xml	1543	-	-	-	0	0	0	0	0	0	0	0	0	0	0	0	0	0	0	0	0	0	0	0	0	0	0	0
/fsh-generated/includes/fsh-link-references.md	4090	-	-	-	0	0	0	0	0	0	0	0	0	0	0	0	0	0	0	0	0	1	0	0	0	0	0	0
/input/pagecontent/downloads.md	13	-	-	-	0	0	0	0	0	0	0	0	0	0	0	0	0	0	0	0	0	0	0	0	0	0	0	0
/input/pagecontent/index.md	5848	-	-	-	0	0	0	0	0	0	0	0	0	0	0	0	0	0	0	0	0	0	0	0	0	0	0	0
/template/config	0	-	-	-	0	0	0	0	0	0	0	0	0	0	0	0	0	0	0	0	0	1	0	0	0	0	0	0
/template/config/_config.yml	140	-	-	-	0	0	0	0	0	0	0	0	0	0	0	0	0	0	0	0	0	0	0	0	0	0	0	0
/input/images	0	-	-	-	0	0	0	0	0	0	0	0	0	0	0	0	0	0	0	0	0	0	0	0	0	0	0	0
/input/images/rd_cdm_v2_0_0.png	1157645	-	-	-	0	0	0	0	0	0	0	0	0	0	0	0	0	0	0	0	0	1	0	0	0	0	0	0
/input/images/rarelink_overview.png	859339	-	-	-	0	0	0	0	0	0	0	0	0	0	0	0	0	0	0	0	0	0	0	0	0	0	0	0
/input/images/rarelink_cdm_fhir_phenopackets.png	554593	-	-	-	0	0	0	0	0	0	0	0	0	0	0	0	0	0	0	0	0	0	0	0	0	0	0	0
/temp/pages/_includes/artifacts.xml	26977	-	-	-	-	-	-	-	-	-	-	-	-	-	-	-	-	-	-	-	-	2	0	0	0	0	0	0
