"Variable / Field Name","Form Name","Section Header","Field Type","Field Label","Choices, Calculations, OR Slider Labels","Field Note","Text Validation Type OR Show Slider Number","Text Validation Min","Text Validation Max",Identifier?,"Branching Logic (Show field only if...)","Required Field?","Custom Alignment","Question Number (surveys only)","Matrix Group Name","Matrix Ranking?","Field Annotation"
measurements_descr,rarelink_6_3_measurements,"RareLink - 6.3) Measurements",descriptive,"<div class=""rich-text-field-label"">
  <p><span style=""font-weight: bold;"">Notes and Tips for entering information into the Measurements sheet  - for more detail please read our <a href=""https://rarelink.readthedocs.io/en/latest/4_user_guide/4_0_guide_file.html"">comprehensive User Guide</a></span></p>
  <ul>
    <li><span style=""font-weight: normal;"">It is a repeated form; capture information for one measurement and repeat as many times as necessary</span></li>
    <li><span style=""font-weight: bold;"">Not all fields must be entered - If information is not known or not required, leave it blank.</span></li>
    <li><span style=""font-weight: normal;"">It is recommended to define a set of rules for capturing measurements within a cohort to improve subsequent analyses</span></li>
    <li><span style=""font-weight: normal;"">These RareLink sheets are integrated with BioPortal for ontology-specific searches. For a smoother experience when looking up terms in these fields, we recommend using the OLS platform (https://www.ebi.ac.uk/ols4/ontologies) to locate the appropriate terms for your search.</span></li>
    <li><span style=""font-weight: normal;"">To search in LOINC, we recommend searching here: https://loinc.org/search/ (you may have to create an account to access Loinc Search).</span></li>
  </ul>
</div>",,,,,,,,,,,,,
ncit_c60819,rarelink_6_3_measurements,,text,"6.3.1 Assay",BIOPORTAL:LOINC,"Please search the assay in LOINC and see tips above.",,,,,,,,,,,"Variable: NCIT:C60819 | Assay
Choices: n/a
Version(s):
- NCIT v24.04e
Mapping:
- HL7 FHIR Expression v4.0.1 [Suggested]: Observation.code
- GA4GH Phenopacket Schema v2.0 Element: Measurement.assay"
ncit_c25712,rarelink_6_3_measurements,,text,"6.3.2 Value",,"Please enter a two decimal number",number_2dp,0.00,999999.99,,,,,,,,"Variable: NCIT:C25712 | Value
Choices: n/a
Version(s):
- NCIT v24.04e
Mapping:
- HL7 FHIR Expression v4.0.1 [Suggested]: Observation.value[x]
- GA4GH Phenopacket Schema v2.0 Element: Measurement.measurement_value"
ncit_c92571,rarelink_6_3_measurements,,text,"6.3.3 Value Unit",BIOPORTAL:UO,"Please search the unit in the Unit Ontology (UO). Tip: Search for the official abbreviations (e.g. dl, kg, l, etc.)",,,,,,,,,,,"Variable: NCIT:C92571 | Measurement Unit Description
Choices: n/a
Version(s):
- NCIT v24.04e
Mapping:
- HL7 FHIR Expression v4.0.1 [Suggested]: Observation.value[x].unit
- GA4GH Phenopacket Schema v2.0 Element: Measurement.measurement_value"
ncit_c41255,rarelink_6_3_measurements,,text,"6.3.4 Interpretation",BIOPORTAL:NCIT,"Please search for an interpretation in NCIT, e.g. positive / negative, below/above reference range, etc. ",,,,,,,,,,,"Variable: NCIT:C41255 | Interpretation
Choices: n/a
Version(s):
- NCIT v24.04e
Mapping:
- HL7 FHIR Expression v4.0.1 [Suggested]: Observation.interpretation
- GA4GH Phenopacket Schema v2.0 Element: Measurement.measurement_value"
ncit_c82577,rarelink_6_3_measurements,,text,"6.3.5 Time Observed",,YYYY-MM-DD,date_ymd,,,,,,,,,,"Variable: NCIT:C82577 | Test Time
Choices:
- n/a
Version(s):
- NCIT v24.04e
Mapping:
- HL7 FHIR Expression v4.0.1 [Suggested]: Observation.effectiveDateTime
- GA4GH Phenopacket Schema v2.0 Element: Measurement.time_observed"
snomed_122869004_ncit,rarelink_6_3_measurements,,text,"6.3.6A Procedure [NCIT]",BIOPORTAL:NCIT,"Please search for the procedure in NCIT and see tips above.",,,,,,,,,,,"Variable: SNOMED:122869004 | Procedure
Choices: 
- n/a
Version(s):
- SNOMED CT v2024-09-01
Mapping:
- HL7 FHIR Expression v4.0.1 [Suggested]: Procedure.code
- GA4GH Phenopacket Schema v2.0 Element: Measurement.procedure"
snomed_122869004_snomed,rarelink_6_3_measurements,,text,"6.3.6B Procedure [SNOMED]",BIOPORTAL:SNOMED,"Please search for the procedure in SNOMED and see tips above.",,,,,,,,,,,"Variable: SNOMED:122869004 | Procedure
Choices: 
- n/a
Version(s):
- SNOMED CT v2024-09-01
Mapping:
- HL7 FHIR Expression v4.0.1 [Suggested]: Procedure.code
- GA4GH Phenopacket Schema v2.0 Element: Measurement.procedure"
