"Variable / Field Name","Form Name","Section Header","Field Type","Field Label","Choices, Calculations, OR Slider Labels","Field Note","Text Validation Type OR Show Slider Number","Text Validation Min","Text Validation Max",Identifier?,"Branching Logic (Show field only if...)","Required Field?","Custom Alignment","Question Number (surveys only)","Matrix Group Name","Matrix Ranking?","Field Annotation"
care_pathway_descr,rarelink_4_care_pathway,"RareLink - 4) Care Pathway",descriptive,"<div class=""rich-text-field-label"">
  <p><span style=""font-weight: bold;"">Notes for entering information into the Care Pathway sheet  - for more detail please read our <a href=""https://rarelink.readthedocs.io/en/latest/4_user_guide/4_0_guide_file.html"">comprehensive User Guide</a></span></p>
  <ul>
    <li><span style=""font-weight: normal;"">It is also a repeated form, with one encounter per form.</span></li>
    <li><span style=""font-weight: normal;"">If possible, use the dates. In relation to the Disease sheet, you can create a comprehensive overview of a patient's disease history with encounters.</span></li>
    <li><span style=""font-weight: normal;"">If the specific month or day is not known, select the 1st day of the month or the 1st month of the year, respectively. (e.g., sometime in June 2022 --> 01.June.2022, sometime in 2014 --> 01.01.2014)</span></li>
    <li><span style=""font-weight: bold;"">Not all fields must be entered - If information is not known or not required, leave it blank.</span></li>
  </ul>
</div>",,,,,,,,,,,,,
hl7fhir_enc_period_start,rarelink_4_care_pathway,,text,"4.1 Encounter Start",,"The beginning of an encounter of the individual. If the specific month or day is not known, select the 1st day of the month or the 1st month of the year, respectively",date_ymd,,,,,,,,,,"Variable:
HL7 FHIR:encounter.period.start | Encounter Start |
Choices: n/a
Version(s): 
- HL7 FHIR Version 4.0.1
Mapping:
- HL7 FHIR Expression v4.0.1: Encounter.period.start
- GA4GH Phenopacket Schema v2.0 Element: n/a"
hl7fhir_enc_period_end,rarelink_4_care_pathway,,text,"4.2 Encounter End",,"The end of an encounter of the individual. If the specific month or day is not known, select the 1st day of the month or the 1st month of the year, respectively",date_ymd,,,,,,,,,,"Variable:
HL7 FHIR:encounter.period.end | Encounter End |
Choices: n/a
Version(s): 
- HL7 FHIR Version 4.0.1
Mapping:
- HL7 FHIR Expression v4.0.1: Encounter.period.end
- GA4GH Phenopacket Schema v2.0 Element: n/a"
snomed_305058001,rarelink_4_care_pathway,,dropdown,"4.3 Encounter Status","hl7fhir_planned, Planned | hl7fhir_arrived, Arrived | hl7fhir_triaged, Triaged | hl7fhir_in-progress, In Progress | hl7fhir_onleave, On Leave | hl7fhir_finished, Finished | hl7fhir_cancelled, Cancelled | hl7fhir_entered-in-error, Entered in Error | hl7fhir_unknown, Unknown","The status of an encounter of the individual at the time of data capture.",,,,,,,,,,,"Variable:
SNOMED:305058001 | Encounter Status |
Choices: 
- SNOMED:planned | Planned
- SNOMED:arrived | Arrived
- SNOMED:triaged | Triaged
- SNOMED:in-progress | In Progress
- SNOMED:onleave | On Leave
- SNOMED:finished | Finished
- SNOMED:cancelled | Cancelled
- SNOMED:entered-in-error | Entered in Error
- SNOMED:unknown | Unknown
Version(s): 
- SNOMED CT Version 23.2.0
Mapping:
- HL7 FHIR Expression v4.0.1: Encounter.status
- GA4GH Phenopacket Schema v2.0 Element: n/a"
hl7fhir_encounter_class,rarelink_4_care_pathway,,dropdown,"4.4 Encounter Class","hl7fhir_amb, Ambulatory | hl7fhir_imp, Inpatient | hl7fhir_obsenc, Observation | hl7fhir_emer, Emergency | hl7fhir_vr, Virtual | hl7fhir_hh, Home Health | hl7fhir_rdc, RD Specialist Center | snomed_261665006, Unknown","The class of an encounter of the individual at the time of data capture.",,,,,,,,,,,"Variable:
HL7 FHIR:encounter.class | Encounter Class |
Choices: 
- HL7 FHIR:AMB | Ambulatory
- HL7 FHIR:IMP | Inpatient
- HL7 FHIR:OBSENC | Observation
- HL7 FHIR:EMER | Emergency
- HL7 FHIR:VR | Virtual
- HL7 FHIR:HH | Home Health
- HL7 FHIR:RDC | RD Specialist Center
- SNOMED:261665006 | Unknown
Version(s): 
- HL7 FHIR Version 4.0.1
- SNOMED CT Version 23.2.0
Mapping:
- HL7 FHIR Expression v4.0.1: Encounter.class
- GA4GH Phenopacket Schema v2.0 Element: n/a"
