"Variable / Field Name","Form Name","Section Header","Field Type","Field Label","Choices, Calculations, OR Slider Labels","Field Note","Text Validation Type OR Show Slider Number","Text Validation Min","Text Validation Max",Identifier?,"Branching Logic (Show field only if...)","Required Field?","Custom Alignment","Question Number (surveys only)","Matrix Group Name","Matrix Ranking?","Field Annotation"
patient_status_descr,rarelink_3_patient_status,"RareLink - 3) Patient Status",descriptive,"<div class=""rich-text-field-label"">
  <p><span style=""font-weight: bold;"">Notes for entering information into the Patient Status sheet  - for more detail please read our <a href=""https://rarelink.readthedocs.io/en/latest/4_user_guide/4_0_guide_file.html"">comprehensive User Guide</a></span></p>
  <ul>
    <li><span style=""font-weight: normal;"">The form can be repeated to account for changes over time regarding the vital status, respective information, and undiagnosed rare disease cases.</span></li>
    <li><span style=""font-weight: normal;"">These RareLink sheets are integrated with BioPortal for ontology-specific searches. For a smoother experience when looking up terms in these fields, we recommend using the OLS platform (https://www.ebi.ac.uk/ols4/ontologies) to locate the appropriate terms for your search.</span></li>
    <li><span style=""font-weight: normal;"">For the time of death, follow the same instructions as above for when the exact month or day is unknown. (e.g., sometime in June 2022 --> 01.June.2022, sometime in 2014 --> 01.01.2014)</span></li>
    <li><span style=""font-weight: normal;"">For the item ""length of gestation at birth,"" please enter only the exact weeks and days in the format: e.g., '35+6'.</span></li>   
    <li><span style=""font-weight: bold;"">Not all fields must be entered - If information is not known or not required, leave it blank.</span></li>
  </ul>
</div>",,,,,,,,,,,,,
patient_status_date,rarelink_3_patient_status,,text,"Date of Completion for the Sheet",,,date_ymd,,,,,,,,,,
snomed_278844005,rarelink_3_patient_status,,dropdown,"3.1 Vital Status","snomed_438949009, Alive | snomed_419099009, Dead | snomed_399307001, Unknown - Lost in follow-up | snomed_185924006, Unknown - Opted-out | snomed_261665006, Unknown - Other Reason","The individual's general clinical status or vital status.",,,,,,,,,,,"Variable:
SNOMED:278844005 | Vital Status |
Choices: 
- SNOMED:438949009 | Alive
- SNOMED:419099009 | Dead
- SNOMED:399307001 | Unknown - Lost in follow-up
- SNOMED:185924006 | Unknown - Opted-out
- SNOMED:261665006 | Unknown - Other Reason
Version(s): 
- SNOMED CT Version 23.2.0
Mapping:
- HL7 FHIR Expression v4.0.1: Patient.deceased.deceasedBoolean or Observation.value
- GA4GH Phenopacket Schema v2.0 Element: Individual.VitalStatus.status"
snomed_398299004,rarelink_3_patient_status,,text,"3.2 Time of Death",,"If deceased, the individual's date of death. If the specific month or day is not known, select the 1st day of the month or the 1st month of the year, respectively",date_ymd,,,,"[snomed_278844005] <> 'snomed_419099009'",,,,,,"Variable:
SNOMED:398299004 | Time of Death |
Choices: n/a
Version(s): 
- SNOMED CT Version 23.2.0
Mapping:
- HL7 FHIR Expression v4.0.1: Patient.deceasedDateTime
- GA4GH Phenopacket Schema v2.0 Element: Individual.VitalStatus.time_of_death"
snomed_184305005,rarelink_3_patient_status,,text,"3.3 Cause of Death [ICD10CM]",BIOPORTAL:ICD10CM,"If deceased, the individual's primary cause of death (i.e. according to the death certificate).",,,,,"[snomed_278844005] <> 'snomed_419099009'",,,,,,"Variable:
SNOMED:184305005 | Cause of Death |
Choices: n/a
Version(s): 
- SNOMED CT Version 23.2.0
Mapping:
- HL7 FHIR Expression v4.0.1: Observation.value.coding.code
- GA4GH Phenopacket Schema v2.0 Element: Individual.VitalStatus.cause_of_death"
snomed_105727008,rarelink_3_patient_status,,dropdown,"3.4 Age Category","snomed_3658006, Infancy | snomed_713153009, Toddler | snomed_255398004, Childhood | snomed_263659003, Adolescence | snomed_41847000, Adulthood | snomed_303112003, Fetal period | snomed_419099009, Dead | snomed_261665006, Unknown","The individual's age category at the time of data capture (1.2).",,,,,,,,,,,"Variable:
SNOMED:105727008 | Age Category |
Choices: 
- SNOMED:3658006 | Infancy
- SNOMED:713153009 | Toddler
- SNOMED:255398004 | Childhood
- SNOMED:263659003 | Adolescence
- SNOMED:41847000 | Adulthood
- SNOMED:303112003 | Fetal period
- SNOMED:419099009 | Dead
- SNOMED:261665006 | Unknown
Version(s): 
- SNOMED CT Version 23.2.0
Mapping:
- HL7 FHIR Expression v4.0.1: Observation.value.coding.code
- GA4GH Phenopacket Schema v2.0 Element: Individual.time_at_last_encounter.ontology_class"
snomed_412726003,rarelink_3_patient_status,,text,"3.5 Length of Gestation at Birth [weeks+days]",,"The duration of the pregnancy in weeks and days, from the first day of the last menstrual period to the day of delivery, formatted as XX+X (weeks+days).",,,,,,,,,,,"Variable:
SNOMED:412726003 | Length of Gestation at Birth [weeks+days] |
Choices: 
- n/a
Version(s): 
- SNOMED CT Version 23.2.0
Mapping:
- HL7 FHIR Expression v4.0.1: Observation.component:weeks.valueQuantity and Observation.component:days.valueQuantity
- GA4GH Phenopacket Schema v2.0 Element: n/a"
snomed_723663001,rarelink_3_patient_status,,dropdown,"3.6 Undiagnosed RD Case","snomed_373066001, Yes | snomed_373067005, No","Identifies cases where an RD diagnosis has not been established.",,,,,,,,,,,"Variable:
SNOMED:723663001 | Undiagnosed RD Case |
Choices: 
- SNOMED:373066001 | Yes
- SNOMED:373067005 | No
Version(s): 
- SNOMED CT Version 23.2.0
Mapping:
- HL7 FHIR Expression v4.0.1: Condition.code (e.g., ORDO:616874 - Rare disorder without a determined diagnosis after full investigation)
- GA4GH Phenopacket Schema v2.0 Element: Disease.term:OntologyClass (e.g., ORDO:616874 - Rare disorder without a determined diagnosis after full investigation)"
