"Variable / Field Name","Form Name","Section Header","Field Type","Field Label","Choices, Calculations, OR Slider Labels","Field Note","Text Validation Type OR Show Slider Number","Text Validation Min","Text Validation Max",Identifier?,"Branching Logic (Show field only if...)","Required Field?","Custom Alignment","Question Number (surveys only)","Matrix Group Name","Matrix Ranking?","Field Annotation"
personal_information_descr,rarelink_2_personal_information,"RareLink - 2) Personal Information",descriptive,"<div class=""rich-text-field-label"">
  <p><span style=""font-weight: bold;"">Notes for entering information into the Personal Information sheet  - for more detail please read our <a href=""https://rarelink.readthedocs.io/en/latest/4_user_guide/4_0_guide_file.html"">comprehensive User Guide</a></span></p>
  <ul>
    <li><span style=""font-weight: normal;"">Please search for the country code using the ISO 3166 list available at: <a href=""https://www.iso.org/obp/ui/#search/code/"">ISO 3166 Country Codes</a>. Enter only the two or three-letter ISO country code, such as 'CAN' or 'TUR'.</span></li>
    <li><span style=""font-weight: bold;"">Not all fields must be entered - If information is not known or not required, leave it blank.</span></li>
  </ul>
</div>
",,,,,,,,,,,,,
snomed_184099003,rarelink_2_personal_information,,text,"2.1 Date of birth",,"The individual's date of birth. If the exact month or day is allowd to be captured or not known, select the 1st day of the month or the 1st month of the year, respectively.",date_ymd,,,,,,,,,,"Variable:
SNOMED:184099003 | Date of Birth |
Choices: n/a
Version(s): 
- SNOMED CT Version 23.2.0
Mapping:
- HL7 FHIR Expression v4.0.1: Patient.birthDate
- GA4GH Phenopacket Schema v2.0 Element: Individual.date_of_birth"
snomed_281053000,rarelink_2_personal_information,,dropdown,"2.2 Sex at birth","snomed_248152002, Female | snomed_248153007, Male | snomed_184115007, Patient sex unknown | snomed_32570691000036108, Intersex | snomed_1220561009, Not recorded","The individual's sex that was assigned at birth",,,,,,,,,,,"Variable:
SNOMED:281053000 | Sex at Birth |
Choices: 
- SNOMED:248152002 | Female
- SNOMED:248153007 | Male
- SNOMED:184115007 | Patient sex unknown
- SNOMED:32570691000036108 | Intersex
- SNOMED:1220561009 | Not recorded
Version(s): 
- SNOMED CT Version 23.2.0
Mapping:
- HL7 FHIR Expression v4.0.1: Patient.extension:individual-recordedSexOrGender
- GA4GH Phenopacket Schema v2.0 Element: Individual.sex"
snomed_1296886006,rarelink_2_personal_information,,dropdown,"2.3 Karyotypic Sex","snomed_261665006, Unknown | snomed_734875008, XX | snomed_734876009, XY | snomed_80427008, X0 | snomed_65162001, XXY | snomed_35111009, XXX | snomed_403760006, XXYY | snomed_78317008, XXXY | snomed_10567003, XXXX | snomed_48930007, XYY | snomed_74964007, Other","The chromosomal sex of an individual",,,,,,,,,,,"Variable:
SNOMED:1296886006 | Karyotypic Sex |
Choices: 
- SNOMED:261665006 | Unknown
- SNOMED:734875008 | XX
- SNOMED:734876009 | XY
- SNOMED:80427008 | X0
- SNOMED:65162001 | XXY
- SNOMED:35111009 | XXX
- SNOMED:403760006 | XXYY
- SNOMED:78317008 | XXXY
- SNOMED:10567003 | XXXX
- SNOMED:48930007 | XYY
- SNOMED:74964007 | Other
Version(s): 
- SNOMED CT Version 23.2.0
Mapping:
- HL7 FHIR Expression v4.0.1: Observation.value
- GA4GH Phenopacket Schema v2.0 Element: Individual.karyotypic_sex"
snomed_263495000,rarelink_2_personal_information,,dropdown,"2.4 Gender Identity","snomed_446141000124107, Female gender identity | snomed_446151000124109, Male gender identity | snomed_394743007, Gender unknown | snomed_33791000087105, Identifies as nonbinary gender | snomed_1220561009, Not recorded","The self-assigned gender of the individual",,,,,,,,,,,"Variable:
SNOMED:263495000 | Gender Identity |
Choices: 
- SNOMED:446141000124107 | Female gender identity
- SNOMED:446151000124109 | Male gender identity
- SNOMED:394743007 | Gender unknown
- SNOMED:33791000087105 | Identifies as nonbinary gender
- SNOMED:1220561009 | Not recorded
Version(s): 
- SNOMED CT Version 23.2.0
Mapping:
- HL7 FHIR Expression v4.0.1: Patient.extension:individual-genderIdentity
- GA4GH Phenopacket Schema v2.0 Element: Individual.gender"
snomed_370159000,rarelink_2_personal_information,,text,"2.5 Country of Birth",,"The individual's country of birth. Please enter a two or three letter ISO3166 code which you can search in the link provided in the description above.",,,,,,,,,,,"Variable:
SNOMED:370159000 | Country of Birth |
Choices: ISO 3166 - 2 or 3 letter country code
Version(s): 
- SNOMED CT Version 23.2.0
Mapping:
- HL7 FHIR Expression v4.0.1: Patient.extension:patient-birthPlace
- GA4GH Phenopacket Schema v2.0 Element: n/a"
