{
  "codeSystems" : [
    {
      "url" : "http://dicom.nema.org/resources/ontology/DCM",
      "version" : "01",
      "status" : "active",
      "name" : "DICOM Controlled Terminology Definitions",
      "title" : null,
      "description" : "DICOM Code Definitions (Coding Scheme Designator \"DCM\" Coding Scheme Version \"01\")",
      "oids" : ["1.2.840.10008.2.16.4"],
      "uses" : {
      },
      "http://hl7.org/fhir/R4/valueset-security-role-type.html" : "SecurityRoleType",
      "http://hl7.org/fhir/uv/ips/2024Sep/ValueSet-results-radiology-txtobs-uv-ips.html" : "Results Radiology Textual Observation - IPS",
      "http://hl7.org/fhir/uv/ips/2024Sep/ValueSet-results-radiology-numobs-uv-ips.html" : "Results Radiology Measurement Observation - IPS"
    },
    {
      "url" : "http://hl7.org/fhir/administrative-gender",
      "version" : "4.0.1",
      "status" : "active",
      "name" : "AdministrativeGender",
      "title" : "AdministrativeGender",
      "description" : "The gender of a person used for administrative purposes.",
      "oids" : ["2.16.840.1.113883.4.642.4.2"],
      "uses" : {
      },
      "http://hl7.org/fhir/R4/valueset-administrative-gender.html" : "AdministrativeGender"
    },
    {
      "url" : "http://hl7.org/fhir/consent-data-meaning",
      "version" : "4.0.1",
      "status" : "draft",
      "name" : "ConsentDataMeaning",
      "title" : "ConsentDataMeaning",
      "description" : "How a resource reference is interpreted when testing consent restrictions.",
      "oids" : ["2.16.840.1.113883.4.642.4.760"],
      "uses" : {
      },
      "http://hl7.org/fhir/R4/valueset-consent-data-meaning.html" : "ConsentDataMeaning"
    },
    {
      "url" : "http://hl7.org/fhir/consent-provision-type",
      "version" : "4.0.1",
      "status" : "draft",
      "name" : "ConsentProvisionType",
      "title" : "ConsentProvisionType",
      "description" : "How a rule statement is applied, such as adding additional consent or removing consent.",
      "oids" : ["2.16.840.1.113883.4.642.4.758"],
      "uses" : {
      },
      "http://hl7.org/fhir/R4/valueset-consent-provision-type.html" : "ConsentProvisionType"
    },
    {
      "url" : "http://hl7.org/fhir/consent-state-codes",
      "version" : "4.0.1",
      "status" : "draft",
      "name" : "ConsentState",
      "title" : "ConsentState",
      "description" : "Indicates the state of the consent.",
      "oids" : ["2.16.840.1.113883.4.642.4.756"],
      "uses" : {
      },
      "http://hl7.org/fhir/R4/valueset-consent-state-codes.html" : "ConsentState"
    },
    {
      "url" : "http://hl7.org/fhir/encounter-location-status",
      "version" : "4.0.1",
      "status" : "draft",
      "name" : "EncounterLocationStatus",
      "title" : "EncounterLocationStatus",
      "description" : "The status of the location.",
      "oids" : ["2.16.840.1.113883.4.642.4.263"],
      "uses" : {
      },
      "http://hl7.org/fhir/R4/valueset-encounter-location-status.html" : "EncounterLocationStatus"
    },
    {
      "url" : "http://hl7.org/fhir/encounter-status",
      "version" : "4.0.1",
      "status" : "draft",
      "name" : "EncounterStatus",
      "title" : "EncounterStatus",
      "description" : "Current state of the encounter.",
      "oids" : ["2.16.840.1.113883.4.642.4.247"],
      "uses" : {
      },
      "http://hl7.org/fhir/R4/valueset-encounter-status.html" : "EncounterStatus"
    },
    {
      "url" : "http://hl7.org/fhir/event-status",
      "version" : "4.0.1",
      "status" : "draft",
      "name" : "EventStatus",
      "title" : "EventStatus",
      "description" : "Codes identifying the lifecycle stage of an event.",
      "oids" : ["2.16.840.1.113883.4.642.4.110"],
      "uses" : {
      },
      "http://hl7.org/fhir/R4/valueset-event-status.html" : "EventStatus"
    },
    {
      "url" : "http://hl7.org/fhir/history-status",
      "version" : "4.0.1",
      "status" : "draft",
      "name" : "FamilyHistoryStatus",
      "title" : "FamilyHistoryStatus",
      "description" : "A code that identifies the status of the family history record.",
      "oids" : ["2.16.840.1.113883.4.642.4.268"],
      "uses" : {
      },
      "http://hl7.org/fhir/R4/valueset-history-status.html" : "FamilyHistoryStatus"
    },
    {
      "url" : "http://hl7.org/fhir/identifier-use",
      "version" : "4.0.1",
      "status" : "active",
      "name" : "IdentifierUse",
      "title" : "IdentifierUse",
      "description" : "Identifies the purpose for this identifier, if known .",
      "oids" : ["2.16.840.1.113883.4.642.4.58"],
      "uses" : {
      },
      "http://hl7.org/fhir/R4/valueset-identifier-use.html" : "IdentifierUse"
    },
    {
      "url" : "http://hl7.org/fhir/link-type",
      "version" : "4.0.1",
      "status" : "active",
      "name" : "LinkType",
      "title" : "LinkType",
      "description" : "The type of link between this patient resource and another patient resource.",
      "oids" : ["2.16.840.1.113883.4.642.4.424"],
      "uses" : {
      },
      "http://hl7.org/fhir/R4/valueset-link-type.html" : "LinkType"
    },
    {
      "url" : "http://hl7.org/fhir/name-use",
      "version" : "4.0.1",
      "status" : "active",
      "name" : "NameUse",
      "title" : "NameUse",
      "description" : "The use of a human name.",
      "oids" : ["2.16.840.1.113883.4.642.4.66"],
      "uses" : {
      },
      "http://hl7.org/fhir/R4/valueset-name-use.html" : "NameUse"
    },
    {
      "url" : "http://hl7.org/fhir/observation-status",
      "version" : "4.0.1",
      "status" : "active",
      "name" : "ObservationStatus",
      "title" : "ObservationStatus",
      "description" : "Codes providing the status of an observation.",
      "oids" : ["2.16.840.1.113883.4.642.4.401"],
      "uses" : {
      },
      "http://hl7.org/fhir/R4/valueset-observation-status.html" : "ObservationStatus",
      "http://hl7.org/fhir/uv/ips/2024Sep/ValueSet-results-status-uv-ips.html" : "Results Status Codes - IPS"
    },
    {
      "url" : "http://hl7.org/fhir/quantity-comparator",
      "version" : "4.0.1",
      "status" : "active",
      "name" : "QuantityComparator",
      "title" : "QuantityComparator",
      "description" : "How the Quantity should be understood and represented.",
      "oids" : ["2.16.840.1.113883.4.642.4.60"],
      "uses" : {
      },
      "http://hl7.org/fhir/R4/valueset-quantity-comparator.html" : "QuantityComparator"
    },
    {
      "url" : "http://hl7.org/fhir/resource-types",
      "version" : "4.0.1",
      "status" : "active",
      "name" : "ResourceType",
      "title" : "ResourceType",
      "description" : "One of the resource types defined as part of this version of FHIR.",
      "uses" : {
      },
      "http://hl7.org/fhir/R4/valueset-consent-content-class.html" : "Consent Content Class",
      "http://hl7.org/fhir/R4/valueset-resource-types.html" : "ResourceType"
    },
    {
      "url" : "http://hl7.org/fhir/uv/genomics-reporting/CodeSystem/clinvar-evidence-level-custom-cs",
      "version" : "3.0.0",
      "status" : "active",
      "name" : "ClinVarEvidenceLevelCustomCS",
      "title" : "ClinVar Evidence Level Example Codes",
      "description" : "ClinVar contains examples of evidence level concepts that are not conflated with clinical significance. These can be found on  ClinVar https://www.ncbi.nlm.nih.gov/clinvar/docs/review_status/ . These examples are informational only, for copyright information contact the relevant source.",
      "uses" : {
      },
      "http://hl7.org/fhir/uv/genomics-reporting/STU3/ValueSet-evidence-level-example-vs.html" : "Evidence Level Examples"
    },
    {
      "url" : "http://hl7.org/fhir/uv/genomics-reporting/CodeSystem/pharmgkb-evidence-level-custom-cs",
      "version" : "3.0.0",
      "status" : "active",
      "name" : "PharmGKBEvidenceLevelCustomCS",
      "title" : "PharmGKB Evidence Level Example Codes",
      "description" : "PharmGKB contains examples of evidence level concepts that are not conflated with clinical significance. These can be found on PharmGKB https://www.pharmgkb.org/page/clinAnnLevels. These examples are informational only, for copyright information contact the relevant source.",
      "uses" : {
      },
      "http://hl7.org/fhir/uv/genomics-reporting/STU3/ValueSet-evidence-level-example-vs.html" : "Evidence Level Examples"
    },
    {
      "url" : "http://human-phenotype-ontology.org",
      "version" : "1.0.0",
      "status" : "active",
      "name" : "HPO",
      "title" : "Human Phenotype Ontology",
      "description" : "\"The Human Phenotype Ontology (HPO) provides a standardized vocabulary of phenotypic abnormalities encountered in human disease. Each term in the HPO describes a phenotypic abnormality, such as Atrial septal defect. The HPO is currently being developed using the medical literature, Orphanet, DECIPHER, and OMIM. HPO currently contains over 13,000 terms and over 156,000 annotations to hereditary diseases. The HPO project and others have developed software for phenotype-driven differential diagnostics, genomic diagnostics, and translational research. The HPO is a flagship product of the Monarch Initiative, an NIH-supported international consortium dedicated to semantic integration of biomedical and model organism data with the ultimate goal of improving biomedical research. The HPO, as a part of the Monarch Initiative, is a central component of one of the 13 driver projects in the Global Alliance for Genomics and Health (GA4GH) strategic roadmap.\"\r\n\r\nPlease see https://hpo.jax.org/app/download/ontology.\r\n\r\nReleases, produced approximately every 2 months, can be found [here](https://github.com/obophenotype/human-phenotype-ontology/releases).",
      "oids" : ["2.16.840.1.113883.6.339"],
      "uses" : {
      },
      "http://hl7.org/fhir/uv/genomics-reporting/STU3/ValueSet-condition-inheritance-mode-vs.html" : "Condition Inheritance Patterns"
    },
    {
      "url" : "http://loinc.org",
      "version" : "3.1.0",
      "status" : "active",
      "name" : "LOINC",
      "title" : "Logical Observation Identifiers, Names and Codes (LOINC)",
      "description" : "LOINC provides a set of universal names and ID codes for identifying laboratory and clinical test results.1,2 LOINC facilitates the exchange and pooling of results, such as blood hemoglobin, serum potassium, or vital signs, for clinical care, outcomes management, and research. LOINC's universal identifiers (names and codes) can be used in the context of order and observation exchanges between information systems that use syntax standards such as HL73, CEN TC251, ISO TC215, ASTM4, and DICOM. Specifically, the identifier can be used as the coded value for an observation in any other standard that uses the observation/observation value paradigm, whether messages, documents, application programming interface (API), etc. For example, LOINC codes are used widely in the OBX segment Observation Identifier field (OBX-3) of an ORU HL7 (HL7 version 2.x or ASTM 1238-9410) message that may be sent between a Clinical Laboratory Information Management Systems (LIMS) and Electronic Health Record Systems (EHR).5, 6 In this way, LOINC codes provide universal identifiers that allow the exchange of clinical data between heterogeneous computing environments.",
      "oids" : ["2.16.840.1.113883.6.1"],
      "uses" : {
      },
      "http://tx.fhir.org/r4/ValueSet/4014f494-70a1-4e20-940c-bdf6622b7d74" : "LOINCAnswerListLL2938_0",
      "http://tx.fhir.org/r4/ValueSet/9180fbcd-4b06-408c-9151-2cd984934a34" : "LOINCAnswerListLL5323_2",
      "http://hl7.org/fhir/uv/ips/2024Sep/ValueSet-results-radiology-observations-uv-ips.html" : "Results Radiology Observation - IPS",
      "ValueSet-reference-genome-vs.html" : "Reference Genome Value Set",
      "ValueSet-zygosity-vs.html" : "Zygosity Value Set",
      "http://tx.fhir.org/r4/ValueSet/de50c457-ef80-45a1-ac9b-5db2f889c5b9" : "LOINCAnswerListLL1971_2",
      "ValueSet-structural-variant-method-vs.html" : "Structural Variant Method Value Set",
      "http://tx.fhir.org/r4/ValueSet/8d77edd9-42cc-4b5b-9afc-fe90fd723cb8" : "LOINCAnswerListLL1040_6",
      "http://tx.fhir.org/r4/ValueSet/03771a5c-12cf-49c9-ab95-cd29767a6c36" : "LOINCAnswerListLL381_5",
      "http://tx.fhir.org/r4/ValueSet/97c66dbc-e984-4e7b-a038-69919dc7c8f0" : "LOINCAnswerListLL378_1",
      "ValueSet-genomic-source-class-vs.html" : "Genomic Source Class Value Set",
      "http://hl7.org/fhir/uv/ips/2024Sep/ValueSet-problem-type-loinc.html" : "Problem Type (LOINC)",
      "http://tx.fhir.org/r4/ValueSet/0424fcd0-c4fa-4d50-a285-7d35d07d0867" : "LOINCAnswerListLL4050_2",
      "http://hl7.org/fhir/R4/valueset-observation-codes.html" : "LOINC Codes",
      "http://hl7.org/fhir/uv/ips/2024Sep/ValueSet-results-radiology-txtobs-uv-ips.html" : "Results Radiology Textual Observation - IPS",
      "ValueSet-dna-change-type-vs.html" : "DNA Change Type Value Set",
      "ValueSet-clinical-significance-vs.html" : "Clinical Significance Value Set",
      "http://hl7.org/fhir/R4/valueset-observation-vitalsignresult.html" : "Vital Signs",
      "http://tx.fhir.org/r4/ValueSet/0cd8450a-a933-4032-a3ac-3c316fcb1d1e" : "LOINCAnswerListLL5489_1",
      "http://tx.fhir.org/r4/ValueSet/e241214d-4bab-4559-abca-f25d56c196dc" : "LOINCAnswerListLL4034_6",
      "http://hl7.org/fhir/R4/valueset-consent-content-code.html" : "Consent Content Codes",
      "ValueSet-level-of-evidence-vs.html" : "Level of Evidence Value Set",
      "http://hl7.org/fhir/R4/valueset-consent-category.html" : "Consent Category Codes",
      "http://tx.fhir.org/r4/ValueSet/b14ae4af-4e18-4d78-8ccf-ae5b30791be7" : "LOINCAnswerListLL4048_6"
    },
    {
      "url" : "http://snomed.info/sct",
      "version" : null,
      "status" : "active",
      "name" : "SNOMED_CT",
      "title" : "SNOMED CT (all versions)",
      "description" : "SNOMED CT is the most comprehensive and precise clinical health terminology product in the world, owned and distributed around the world by The International Health Terminology Standards Development Organisation (IHTSDO).",
      "oids" : ["2.16.840.1.113883.6.96"],
      "uses" : {
      },
      "http://hl7.org/fhir/R4/valueset-procedure-outcome.html" : "Procedure Outcome Codes (SNOMED CT)",
      "ValueSet-sex-at-birth-vs.html" : "Sex at Birth Value Set",
      "ValueSet-propositus-vs.html" : "Propositus Value Set",
      "http://hl7.org/fhir/R4/valueset-procedure-not-performed-reason.html" : "Procedure Not Performed Reason (SNOMED-CT)",
      "ValueSet-undiagnosed-rd-case-vs.html" : "Undiagnosed Rare Disease Case Value Set",
      "http://hl7.org/fhir/R4/valueset-procedure-reason.html" : "Procedure Reason Codes",
      "ValueSet-age-category-vs.html" : "Age Category Value Set",
      "http://hl7.org/fhir/uv/ips/2024Sep/ValueSet-problems-uv-ips.html" : "Problems - IPS",
      "http://hl7.org/fhir/R4/valueset-body-site.html" : "SNOMED CT Body Structures",
      "http://hl7.org/fhir/R4/valueset-encounter-reason.html" : "Encounter Reason Codes",
      "http://hl7.org/fhir/R4/valueset-condition-code.html" : "Condition/Problem/Diagnosis Codes",
      "ValueSet-karyotypic-sex-vs.html" : "Karyotypic Sex Value Set",
      "ValueSet-agreement-to-be-contacted-vs.html" : "Agreement to Be Contacted Value Set",
      "ValueSet-family-relationship-vs.html" : "Family Relationship Value Set",
      "http://hl7.org/fhir/R4/valueset-condition-severity.html" : "Condition/Diagnosis Severity",
      "http://hl7.org/fhir/R4/valueset-condition-stage.html" : "Condition Stage",
      "http://hl7.org/fhir/R4/valueset-condition-stage-type.html" : "Condition Stage Type",
      "ValueSet-age-at-diagnosis-vs.html" : "Age at Diagnosis Value Set",
      "http://hl7.org/fhir/R4/valueset-performer-role.html" : "Procedure Performer Role Codes",
      "http://hl7.org/fhir/R4/valueset-procedure-followup.html" : "Procedure Follow up Codes (SNOMED CT)",
      "ValueSet-encounter-class-vs.html" : "Encounter Class Value Set",
      "http://hl7.org/fhir/R4/valueset-observation-methods.html" : "Observation Methods",
      "ValueSet-phenotype-status-vs.html" : "Phenotype Status Value Set",
      "ValueSet-family-sex-vs.html" : "Family Member Sex Value Set",
      "ValueSet-age-at-onset-vs.html" : "Age at Onset Value Set",
      "ValueSet-consent-to-reuse-vs.html" : "Consent to Reuse Data Value Set",
      "http://hl7.org/fhir/R4/valueset-referencerange-appliesto.html" : "Observation Reference Range Applies To Codes",
      "http://hl7.org/fhir/R4/valueset-condition-outcome.html" : "Condition Outcome Codes",
      "ValueSet-vital-status-vs.html" : "Vital Status Value Set",
      "http://hl7.org/fhir/R4/valueset-device-kind.html" : "FHIR Device Types",
      "http://hl7.org/fhir/uv/ips/2024Sep/ValueSet-procedures-uv-ips.html" : "Procedures - IPS",
      "http://hl7.org/fhir/R4/valueset-clinical-findings.html" : "SNOMED CT Clinical Findings",
      "http://hl7.org/fhir/uv/ips/2024Sep/ValueSet-results-radiology-txtobs-uv-ips.html" : "Results Radiology Textual Observation - IPS",
      "http://hl7.org/fhir/R4/valueset-procedure-category.html" : "Procedure Category Codes (SNOMED CT)",
      "ValueSet-consanguinity-vs.html" : "Consanguinity Value Set",
      "http://hl7.org/fhir/uv/ips/2024Sep/ValueSet-results-radiology-numobs-uv-ips.html" : "Results Radiology Measurement Observation - IPS",
      "http://hl7.org/fhir/R4/valueset-device-action.html" : "Procedure Device Action Codes",
      "ValueSet-severity-vs.html" : "Severity Value Set",
      "http://hl7.org/fhir/R4/valueset-manifestation-or-symptom.html" : "Manifestation and Symptom Codes"
    },
    {
      "url" : "http://terminology.hl7.org/CodeSystem/admit-source",
      "version" : "1.0.1",
      "status" : "active",
      "name" : "AdmitSource",
      "title" : "Admit source",
      "description" : "This value set defines a set of codes that can be used to indicate from where the patient came in.",
      "oids" : ["2.16.840.1.113883.4.642.1.1092"],
      "uses" : {
      },
      "http://hl7.org/fhir/R4/valueset-encounter-admit-source.html" : "Admit source"
    },
    {
      "url" : "http://terminology.hl7.org/CodeSystem/condition-category",
      "version" : "1.0.1",
      "status" : "active",
      "name" : "ConditionCategoryCodes",
      "title" : "Condition Category Codes",
      "description" : "Preferred value set for Condition Categories.",
      "oids" : ["2.16.840.1.113883.4.642.1.1073"],
      "uses" : {
      },
      "http://hl7.org/fhir/uv/ips/2024Sep/ValueSet-problem-type-uv-ips.html" : "Problem Type - IPS"
    },
    {
      "url" : "http://terminology.hl7.org/CodeSystem/condition-clinical",
      "version" : "3.0.0",
      "status" : "active",
      "name" : "ConditionClinicalStatusCodes",
      "title" : "Condition Clinical Status Codes",
      "description" : "Preferred value set for Condition Clinical Status.",
      "oids" : ["2.16.840.1.113883.4.642.1.1074"],
      "uses" : {
      },
      "http://hl7.org/fhir/R4/valueset-condition-clinical.html" : "Condition Clinical Status Codes",
      "http://terminology.hl7.org/6.1.0/ValueSet-condition-clinical.html" : "Condition Clinical Status Codes"
    },
    {
      "url" : "http://terminology.hl7.org/CodeSystem/condition-ver-status",
      "version" : "2.0.1",
      "status" : "active",
      "name" : "ConditionVerificationStatus",
      "title" : "ConditionVerificationStatus",
      "description" : "The verification status to support or decline the clinical status of the condition or diagnosis.",
      "oids" : ["2.16.840.1.113883.4.642.1.1075"],
      "uses" : {
      },
      "http://terminology.hl7.org/6.1.0/ValueSet-condition-ver-status.html" : "ConditionVerificationStatus",
      "http://hl7.org/fhir/R4/valueset-condition-ver-status.html" : "ConditionVerificationStatus"
    },
    {
      "url" : "http://terminology.hl7.org/CodeSystem/consentaction",
      "version" : "1.0.1",
      "status" : "active",
      "name" : "ConsentActionCodes",
      "title" : "Consent Action Codes",
      "description" : "This value set includes sample Consent Action codes.",
      "oids" : ["2.16.840.1.113883.4.642.1.1227"],
      "uses" : {
      },
      "http://hl7.org/fhir/R4/valueset-consent-action.html" : "Consent Action Codes"
    },
    {
      "url" : "http://terminology.hl7.org/CodeSystem/consentcategorycodes",
      "version" : "1.0.1",
      "status" : "active",
      "name" : "ConsentCategoryCodes",
      "title" : "Consent Category Codes",
      "description" : "This value set includes sample Consent Directive Type codes, including several consent directive related LOINC codes; HL7 VALUE SET: ActConsentType(2.16.840.1.113883.1.11.19897); examples of US realm consent directive legal descriptions and references to online and/or downloadable forms such as the SSA-827 Authorization to Disclose Information to the Social Security Administration; and other anticipated consent directives related to participation in a clinical trial, medical procedures, reproductive procedures; health care directive (Living Will); advance directive, do not resuscitate (DNR); Physician Orders for Life-Sustaining Treatment (POLST)",
      "oids" : ["2.16.840.1.113883.4.642.1.1226"],
      "uses" : {
      },
      "http://hl7.org/fhir/R4/valueset-consent-category.html" : "Consent Category Codes"
    },
    {
      "url" : "http://terminology.hl7.org/CodeSystem/consentpolicycodes",
      "version" : "3.0.1",
      "status" : "active",
      "name" : "ConsentPolicyRuleCodes",
      "title" : "Consent PolicyRule Codes",
      "description" : "This value set includes sample Regulatory consent policy types from the US and other regions.",
      "oids" : ["2.16.840.1.113883.4.642.1.1229"],
      "uses" : {
      },
      "http://hl7.org/fhir/R4/valueset-consent-policy.html" : "Consent PolicyRule Codes"
    },
    {
      "url" : "http://terminology.hl7.org/CodeSystem/consentscope",
      "version" : "2.0.1",
      "status" : "active",
      "name" : "ConsentScopeCodes",
      "title" : "Consent Scope Codes",
      "description" : "This value set includes the four Consent scope codes.",
      "oids" : ["2.16.840.1.113883.4.642.1.1228"],
      "uses" : {
      },
      "http://hl7.org/fhir/R4/valueset-consent-scope.html" : "Consent Scope Codes"
    },
    {
      "url" : "http://terminology.hl7.org/CodeSystem/contractsignertypecodes",
      "version" : "1.0.1",
      "status" : "active",
      "name" : "ContractSignerTypeCodes",
      "title" : "Contract Signer Type Codes",
      "description" : "This value set includes sample Contract Signer Type codes.",
      "oids" : ["2.16.840.1.113883.4.642.1.1201"],
      "uses" : {
      },
      "http://hl7.org/fhir/R4/valueset-security-role-type.html" : "SecurityRoleType"
    },
    {
      "url" : "http://terminology.hl7.org/CodeSystem/data-absent-reason",
      "version" : "1.0.0",
      "status" : "active",
      "name" : "DataAbsentReason",
      "title" : "DataAbsentReason",
      "description" : "Used to specify why the normally expected content of the data element is missing.",
      "oids" : ["2.16.840.1.113883.4.642.4.1048"],
      "uses" : {
      },
      "http://hl7.org/fhir/R4/valueset-data-absent-reason.html" : "DataAbsentReason"
    },
    {
      "url" : "http://terminology.hl7.org/CodeSystem/diagnosis-role",
      "version" : "1.1.1",
      "status" : "active",
      "name" : "DiagnosisRole",
      "title" : "Diagnosis Role",
      "description" : "This value set defines a set of codes that can be used to express the role of a diagnosis on the Encounter or EpisodeOfCare record.",
      "oids" : ["2.16.840.1.113883.4.642.1.1054"],
      "uses" : {
      },
      "http://hl7.org/fhir/R4/valueset-diagnosis-role.html" : "DiagnosisRole"
    },
    {
      "url" : "http://terminology.hl7.org/CodeSystem/diet",
      "version" : "1.0.1",
      "status" : "active",
      "name" : "Diet",
      "title" : "Diet",
      "description" : "This value set defines a set of codes that can be used to indicate dietary preferences or restrictions a patient may have.",
      "oids" : ["2.16.840.1.113883.4.642.1.1091"],
      "uses" : {
      },
      "http://hl7.org/fhir/R4/valueset-encounter-diet.html" : "Diet"
    },
    {
      "url" : "http://terminology.hl7.org/CodeSystem/discharge-disposition",
      "version" : "1.0.1",
      "status" : "active",
      "name" : "DischargeDisposition",
      "title" : "Discharge disposition",
      "description" : "This value set defines a set of codes that can be used to where the patient left the hospital.",
      "oids" : ["2.16.840.1.113883.4.642.1.1093"],
      "uses" : {
      },
      "http://hl7.org/fhir/R4/valueset-encounter-discharge-disposition.html" : "Discharge disposition"
    },
    {
      "url" : "http://terminology.hl7.org/CodeSystem/encounter-special-arrangements",
      "version" : "1.0.1",
      "status" : "active",
      "name" : "SpecialArrangements",
      "title" : "Special arrangements",
      "description" : "This value set defines a set of codes that can be used to indicate the kinds of special arrangements in place for a patients visit.",
      "oids" : ["2.16.840.1.113883.4.642.1.1090"],
      "uses" : {
      },
      "http://hl7.org/fhir/R4/valueset-encounter-special-arrangements.html" : "Special arrangements"
    },
    {
      "url" : "http://terminology.hl7.org/CodeSystem/encounter-type",
      "version" : "1.0.1",
      "status" : "active",
      "name" : "EncounterType",
      "title" : "Encounter type",
      "description" : "This example value set defines a set of codes that can be used to indicate the type of encounter: a specific code indicating type of service provided.",
      "oids" : ["2.16.840.1.113883.4.642.1.1088"],
      "uses" : {
      },
      "http://hl7.org/fhir/R4/valueset-encounter-type.html" : "Encounter type"
    },
    {
      "url" : "http://terminology.hl7.org/CodeSystem/extra-security-role-type",
      "version" : "1.0.1",
      "status" : "active",
      "name" : "SecurityRoleType",
      "title" : "Security Role Type",
      "description" : "This CodeSystem contains Additional FHIR-defined Security Role types not defined elsewhere",
      "uses" : {
      },
      "http://hl7.org/fhir/R4/valueset-security-role-type.html" : "SecurityRoleType"
    },
    {
      "url" : "http://terminology.hl7.org/CodeSystem/history-absent-reason",
      "version" : "1.0.1",
      "status" : "active",
      "name" : "FamilyHistoryAbsentReason",
      "title" : "FamilyHistoryAbsentReason",
      "description" : "Codes describing the reason why a family member's history is not available.",
      "oids" : ["2.16.840.1.113883.4.642.1.1094"],
      "uses" : {
      },
      "http://hl7.org/fhir/R4/valueset-history-absent-reason.html" : "FamilyHistoryAbsentReason"
    },
    {
      "url" : "http://terminology.hl7.org/CodeSystem/location-physical-type",
      "version" : "2.0.1",
      "status" : "active",
      "name" : "LocationType",
      "title" : "Location type",
      "description" : "This example value set defines a set of codes that can be used to indicate the physical form of the Location.\r\rThis includes several 'non physical' codes which are still considered a location.",
      "oids" : ["2.16.840.1.113883.4.642.1.1108"],
      "uses" : {
      },
      "http://hl7.org/fhir/R4/valueset-location-physical-type.html" : "Location type"
    },
    {
      "url" : "http://terminology.hl7.org/CodeSystem/observation-category",
      "version" : "1.0.1",
      "status" : "active",
      "name" : "ObservationCategoryCodes",
      "title" : "Observation Category Codes",
      "description" : "Observation Category codes.",
      "oids" : ["2.16.840.1.113883.4.642.1.1125"],
      "uses" : {
      },
      "http://hl7.org/fhir/R4/valueset-observation-category.html" : "Observation Category Codes"
    },
    {
      "url" : "http://terminology.hl7.org/CodeSystem/participant-type",
      "version" : "1.0.1",
      "status" : "active",
      "name" : "ParticipantType",
      "title" : "Participant type",
      "description" : "This value set defines a set of codes that can be used to indicate how an individual participates in an encounter.",
      "oids" : ["2.16.840.1.113883.4.642.1.1089"],
      "uses" : {
      },
      "http://hl7.org/fhir/R4/valueset-encounter-participant-type.html" : "Participant type"
    },
    {
      "url" : "http://terminology.hl7.org/CodeSystem/referencerange-meaning",
      "version" : "1.0.1",
      "status" : "active",
      "name" : "ObservationReferenceRangeMeaningCodes",
      "title" : "Observation Reference Range Meaning Codes",
      "description" : "This value set defines a set of codes that can be used to indicate the meaning/use of a reference range for a particular target population.",
      "oids" : ["2.16.840.1.113883.4.642.1.1124"],
      "uses" : {
      },
      "http://hl7.org/fhir/R4/valueset-referencerange-meaning.html" : "Observation Reference Range Meaning Codes"
    },
    {
      "url" : "http://terminology.hl7.org/CodeSystem/service-type",
      "version" : "1.1.1",
      "status" : "active",
      "name" : "ServiceType",
      "title" : "Service type",
      "description" : "This value set defines an example set of codes of service-types.",
      "oids" : ["2.16.840.1.113883.4.642.1.1145"],
      "uses" : {
      },
      "http://hl7.org/fhir/R4/valueset-service-type.html" : "Service type"
    },
    {
      "url" : "http://terminology.hl7.org/CodeSystem/v2-0092",
      "version" : "2.0.0",
      "status" : "active",
      "name" : "ReAdmissionIndicator",
      "title" : "re-admissionIndicator",
      "description" : "Code system of concepts which are used to specify that a patient is being re admitted to a healthcare facilityin from which they were discharged, and indicates the circumstances around such re-admission.  Used in HL7 Version 2.x messagine in the PV1 segment.",
      "oids" : ["2.16.840.1.113883.18.36"],
      "uses" : {
      },
      "http://terminology.hl7.org/6.1.0/ValueSet-v2-0092.html" : "hl7VS-re-admissionIndicator"
    },
    {
      "url" : "http://terminology.hl7.org/CodeSystem/v2-0131",
      "version" : "2.0.0",
      "status" : "active",
      "name" : "ContactRole2",
      "title" : "contactRole2",
      "description" : "Code system of concepts which specify a relationship role that the next of kin/associated parties plays with regard to the patient. Also used in referrals, for example, it may be necessary to identify the contact representative at the clinic that sent a referral. Used in HL7 Version 2 messaging in the NK1 and CTD segments after 2.5, when it replace 2.16.840.1.113883.18.57.",
      "oids" : ["2.16.840.1.113883.18.58"],
      "uses" : {
      },
      "http://hl7.org/fhir/R4/valueset-patient-contactrelationship.html" : "Patient Contact Relationship "
    },
    {
      "url" : "http://terminology.hl7.org/CodeSystem/v2-0203",
      "version" : "4.0.0",
      "status" : "active",
      "name" : "IdentifierType",
      "title" : "identifierType",
      "description" : "HL7-defined code system of concepts specifying type of identifier. Used in HL7 Version 2.x messaging data types CX, PLN, PPN, XCN and XON.",
      "oids" : ["2.16.840.1.113883.18.108"],
      "uses" : {
      },
      "http://hl7.org/fhir/R4/valueset-identifier-type.html" : "IdentifierType"
    },
    {
      "url" : "http://terminology.hl7.org/CodeSystem/v3-ActCode",
      "version" : "9.0.0",
      "status" : "active",
      "name" : "ActCode",
      "title" : "ActCode",
      "description" : "A code specifying the particular kind of Act that the Act-instance represents within its class.\r\n\r\n*Constraints:* The kind of Act (e.g. physical examination, serum potassium, inpatient encounter, charge financial transaction, etc.) is specified with a code from one of several, typically external, coding systems. The coding system will depend on the class of Act, such as LOINC for observations, etc.\r\n\r\nConceptually, the Act.code must be a specialization of the Act.classCode. This is why the structure of ActClass domain should be reflected in the superstructure of the ActCode domain and then individual codes or externally referenced vocabularies subordinated under these domains that reflect the ActClass structure.\r\n\r\nAct.classCode and Act.code are not modifiers of each other but the Act.code concept should really imply the Act.classCode concept. For a negative example, it is not appropriate to use an Act.code \"potassium\" together with and Act.classCode for \"laboratory observation\" to somehow mean \"potassium laboratory observation\" and then use the same Act.code for \"potassium\" together with Act.classCode for \"medication\" to mean \"substitution of potassium\". This mutually modifying use of Act.code and Act.classCode is not permitted.",
      "oids" : ["2.16.840.1.113883.5.4"],
      "uses" : {
      },
      "http://terminology.hl7.org/6.1.0/ValueSet-v3-ActEncounterCode.html" : "ActEncounterCode"
    },
    {
      "url" : "http://terminology.hl7.org/CodeSystem/v3-ActPriority",
      "version" : "3.0.0",
      "status" : "active",
      "name" : "ActPriority",
      "title" : "ActPriority",
      "description" : "A set of codes (e.g., for routine, emergency), specifying the urgency under which the Act happened, can happen, is happening, is intended to happen, or is requested/demanded to happen.",
      "oids" : ["2.16.840.1.113883.5.7"],
      "uses" : {
      },
      "http://terminology.hl7.org/6.1.0/ValueSet-v3-ActPriority.html" : "ActPriority"
    },
    {
      "url" : "http://terminology.hl7.org/CodeSystem/v3-ActReason",
      "version" : "3.1.0",
      "status" : "active",
      "name" : "ActReason",
      "title" : "ActReason",
      "description" : "A set of codes specifying the motivation, cause, or rationale of an Act, when such rationale is not reasonably represented as an ActRelationship of type \"has reason\" linking to another Act.\r\n\r\n*Examples:* Example reasons that might qualify for being coded in this field might be: \"routine requirement\", \"infectious disease reporting requirement\", \"on patient request\", \"required by law\".",
      "oids" : ["2.16.840.1.113883.5.8"],
      "uses" : {
      },
      "http://terminology.hl7.org/6.1.0/ValueSet-v3-PurposeOfUse.html" : "PurposeOfUse"
    },
    {
      "url" : "http://terminology.hl7.org/CodeSystem/v3-EncounterSpecialCourtesy",
      "version" : "3.0.0",
      "status" : "active",
      "name" : "EncounterSpecialCourtesy",
      "title" : "EncounterSpecialCourtesy",
      "description" : "**** MISSING DESCRIPTION ****",
      "oids" : ["2.16.840.1.113883.5.40"],
      "uses" : {
      },
      "http://hl7.org/fhir/R4/valueset-encounter-special-courtesy.html" : "Special courtesy"
    },
    {
      "url" : "http://terminology.hl7.org/CodeSystem/v3-MaritalStatus",
      "version" : "3.0.0",
      "status" : "active",
      "name" : "MaritalStatus",
      "title" : "MaritalStatus",
      "description" : "\\* \\* \\* No description supplied \\* \\* \\*\r\n\r\n*Open Issue:* The specific meanings of these codes can vary somewhat by jurisdiction and implementation so caution should be used when determining equivalency.\r\n\r\n*Open Issue:* fixing and completion of the hierarchy and proper good definitions of all the concepts is badly needed.",
      "oids" : ["2.16.840.1.113883.5.2"],
      "uses" : {
      },
      "http://hl7.org/fhir/R4/valueset-marital-status.html" : "MaritalStatus"
    },
    {
      "url" : "http://terminology.hl7.org/CodeSystem/v3-NullFlavor",
      "version" : "3.0.0",
      "status" : "active",
      "name" : "NullFlavor",
      "title" : "NullFlavor",
      "description" : "A collection of codes specifying why a valid value is not present.",
      "oids" : ["2.16.840.1.113883.5.1008"],
      "uses" : {
      },
      "http://hl7.org/fhir/R4/valueset-marital-status.html" : "MaritalStatus",
      "http://hl7.org/fhir/R4/valueset-encounter-special-courtesy.html" : "Special courtesy"
    },
    {
      "url" : "http://terminology.hl7.org/CodeSystem/v3-ObservationInterpretation",
      "version" : "3.0.0",
      "status" : "active",
      "name" : "ObservationInterpretation",
      "title" : "ObservationInterpretation",
      "description" : "One or more codes providing a rough qualitative interpretation of the observation, such as \"normal\" / \"abnormal\", \"low\" / \"high\", \"better\" / \"worse\", \"resistant\" / \"susceptible\", \"expected\" / \"not expected\". The value set is intended to be for ANY use where coded representation of an interpretation is needed.",
      "oids" : ["2.16.840.1.113883.5.83"],
      "uses" : {
      },
      "http://hl7.org/fhir/R4/valueset-observation-interpretation.html" : "Observation Interpretation Codes"
    },
    {
      "url" : "http://terminology.hl7.org/CodeSystem/v3-ParticipationFunction",
      "version" : "3.0.0",
      "status" : "active",
      "name" : "ParticipationFunction",
      "title" : "ParticipationFunction",
      "description" : "This code is used to specify the exact function an actor had in a service in all necessary detail. This domain may include local extensions (CWE).",
      "oids" : ["2.16.840.1.113883.5.88"],
      "uses" : {
      },
      "http://hl7.org/fhir/R4/valueset-security-role-type.html" : "SecurityRoleType"
    },
    {
      "url" : "http://terminology.hl7.org/CodeSystem/v3-ParticipationType",
      "version" : "5.0.0",
      "status" : "active",
      "name" : "ParticipationType",
      "title" : "ParticipationType",
      "description" : "A code specifying the meaning and purpose of every Participation instance. Each of its values implies specific constraints on the Roles undertaking the participation.",
      "oids" : ["2.16.840.1.113883.5.90"],
      "uses" : {
      },
      "http://hl7.org/fhir/R4/valueset-security-role-type.html" : "SecurityRoleType",
      "http://hl7.org/fhir/R4/valueset-encounter-participant-type.html" : "Participant type"
    },
    {
      "url" : "http://terminology.hl7.org/CodeSystem/v3-RoleClass",
      "version" : "4.0.0",
      "status" : "active",
      "name" : "RoleClass",
      "title" : "RoleClass",
      "description" : "Codes for the Role class hierarchy. The values in this hierarchy, represent a Role which is an association or relationship between two entities - the entity that plays the role and the entity that scopes the role. Roles names are derived from the name of the playing entity in that role.\r\n\r\nThe role hierarchy stems from three core concepts, or abstract domains:\r\n\r\n *  **RoleClassOntological** is an abstract domain that collects roles in which the playing entity is defined or specified by the scoping entity.\r\n *  **RoleClassPartitive** collects roles in which the playing entity is in some sense a \"part\" of the scoping entity.\r\n *  **RoleClassAssociative** collects all of the remaining forms of association between the playing entity and the scoping entity. This set of roles is further partitioned between:\r\n    \r\n     *  **RoleClassPassive** which are roles in which the playing entity is used, known, treated, handled, built, or destroyed, etc. under the auspices of the scoping entity. The playing entity is passive in these roles in that the role exists without an agreement from the playing entity.\r\n     *  **RoleClassMutualRelationship** which are relationships based on mutual behavior of the two entities. The basis of these relationship may be formal agreements or they may be *de facto* behavior. Thus, this sub-domain is further divided into:\r\n        \r\n         *  **RoleClassRelationshipFormal** in which the relationship is formally defined, frequently by a contract or agreement.\r\n         *  **Personal relationship** which inks two people in a personal relationship.\r\n\r\nThe hierarchy discussed above is represented In the current vocabulary tables as a set of abstract domains, with the exception of the \"Personal relationship\" which is a leaf concept.\r\n\r\n*OpenIssue:* Description copied from Concept Domain of same name. Must be verified.",
      "oids" : ["2.16.840.1.113883.5.110"],
      "uses" : {
      },
      "http://hl7.org/fhir/R4/valueset-security-role-type.html" : "SecurityRoleType"
    },
    {
      "url" : "http://terminology.hl7.org/CodeSystem/v3-RoleCode",
      "version" : "3.0.0",
      "status" : "active",
      "name" : "RoleCode",
      "title" : "RoleCode",
      "description" : "A set of codes further specifying the kind of Role; specific classification codes for further qualifying RoleClass codes.",
      "oids" : ["2.16.840.1.113883.5.111"],
      "uses" : {
      },
      "http://hl7.org/fhir/R4/valueset-security-role-type.html" : "SecurityRoleType",
      "http://terminology.hl7.org/6.1.0/ValueSet-v3-FamilyMember.html" : "FamilyMember"
    },
    {
      "url" : "http://terminology.hl7.org/CodeSystem/variant-confidence-status-cs",
      "version" : "3.0.0",
      "status" : "active",
      "name" : "VariantConfidenceStatusCS",
      "title" : "Variant Confidence Status Codes",
      "description" : "A code that represents the confidence of a true positive variant call.",
      "uses" : {
      },
      "http://hl7.org/fhir/uv/genomics-reporting/STU3/ValueSet-variant-confidence-status-vs.html" : "Variant Confidence Status"
    },
    {
      "url" : "http://varnomen.hgvs.org",
      "version" : "2.0.1",
      "status" : "active",
      "name" : "Hgvs",
      "title" : "Human Genome Variation Society nomenclature",
      "description" : "HGVS nomenclatures are the guidelines for mutation nomenclature made by the Human Genome Variation Society.\r\n\r\nHGVS nomenclature can be used with the HL7 coded data type (code data type that accepts expression data, or a coded expression data type). This coded data type should be able to distinguish expressions in HGVS nomenclature from coded concepts. For example, in the HL7 messages specified according to the HL7 V2 Clinical Genomics Fully LOINC-Qualified Genetic Variation Model, HGVS nomenclature can be used to as the observation values for DNA sequence variations. For example, OBX|1|CWE|48004-6^DNA Sequence Variation^LN||c.1129C>T^^HGVS|\r\n\r\nVersioning information: The HGVS nomenclature for the description of sequence variants was last modified Feb 20, 2008. The HGVS nomenclature for the description of protein sequence variants was last modified May 12, 2007. The HGVS nomenclature for the description of DNA sequence variants was last modified June 15, 2007 The HGVS nomenclature for the description of RNA sequence variants was last modified May 12, 2007\r\n\r\nHGVS nomenclatures can be used freely by the public.",
      "oids" : ["2.16.840.1.113883.6.282"],
      "uses" : {
      },
      "http://hl7.org/fhir/uv/genomics-reporting/STU3/ValueSet-hgvs-vs.html" : "Human Genome Variation Society (HGVS) Nomenclature"
    },
    {
      "url" : "http://www.genenames.org",
      "version" : "3.1.0",
      "status" : "active",
      "name" : "HGNCGenes",
      "title" : "HUGO Gene Nomenclature Committee Genes",
      "description" : "\"The HGNC is responsible for approving unique symbols and names for human loci, including protein coding genes, ncRNA genes and pseudogenes, to allow unambiguous scientific communication.\"\r\n\r\nThe HGNC gene table carries gene IDs, gene symbols and full gene names. Guidance from HGNC confirms that gene symbols are not unique across species and have been known to change in some instances. Thus the commonly used gene symbols should be encoded in FHIR as \"displays\" with the corresponding IDs (beginning with \"HGNC:\") as the \"codes\".\r\n\r\n\"For each known human gene we approve a gene name and symbol (short-form abbreviation). All approved symbols are stored in the HGNC database,[www.genenames.org](https://www.genenames.org/tools/search), a curated online repository of HGNC-approved gene nomenclature, gene groups and associated resources including links to genomic, proteomic and phenotypic information. Each symbol is unique and we ensure that each gene is only given one approved gene symbol. It is necessary to provide a unique symbol for each gene so that we and others can talk about them, and this also facilitates electronic data retrieval from publications and databases.\"\r\n\r\nHGNC also provides an index on gene families/groups. GeneGroup IDs do not begin with \"HGNC:\", so care must be made to ensure alignment of concepts when viewing an HGNC ID from an older system that may be referring to the GeneID and not a gene group. For example, 588 refers to the HLA gene family, but HGNC:588 identifies the ATG12 gene. To provide clarity for systems that do not distinguish codes from genes and gene families, use \"http://www.genenames.org\" for genes and \"http://www.genenames.org/genegroup\" for gene families as code system URIs.\r\n\r\nFor more information on HGNC Gene Groups, see [https://terminology.hl7.org/CodeSystem-HGNCGeneGroup.html](https://terminology.hl7.org/CodeSystem-HGNCGeneGroup.html).\r\n\r\nHistorically, HGNC gene symbols were used with the HL7 coded data type. For example, in the HL7 messages specified according to the HL7 V2 Clinical Genomics Fully LOINC-Qualified Genetic Variation Model Implementation Guide, HGNC gene symbols were used as the observation values for gene identifiers. For example, OBX 1 CWE 48018-6^Gene identifier^ BRCA1^HGNC. Please note that gene symbols may be present in legacy systems, but GeneID should be used to exchange HGNC gene information in current implementations.\r\n\r\nHGNC is a free database for the public.\r\n\r\nVersioning Information: The version of the HGNC database is reported using the last updated date. The last updated date is posted on the main HGNC Search screen in the format like \"2024-07-25\".\r\n\r\nCurrent, monthly and quarterly HGNC dataset files are published.\r\n\r\nPlease see https://www.genenames.org/ for more info.",
      "oids" : ["2.16.840.1.113883.6.281"],
      "uses" : {
      },
      "http://hl7.org/fhir/uv/genomics-reporting/STU3/ValueSet-hgnc-vs.html" : "HUGO Gene Nomenclature Committee Gene Names (HGNC)"
    },
    {
      "url" : "http://www.genenames.org/genegroup",
      "version" : "1.1.0",
      "status" : "active",
      "name" : "HGNCGeneGroup",
      "title" : "HUGO Gene Nomenclature Committee Gene Group",
      "description" : "\"The HGNC is responsible for approving unique symbols and names for human loci, including protein coding genes, ncRNA genes and pseudogenes, to allow unambiguous scientific communication.\"\r\n\r\nHGNC Gene Group is an index on gene families/groups. The numeric GeneGroup IDs should be used as codes. GeneGroup IDs do not begin with \"HGNC:\" (like the GeneIDs for genes in HGNC Genes), so care must be made to ensure alignment of concepts when viewing an HGNC ID from an older system that may be referring to the GeneID and not a gene group. For example, 588 refers to the HLA gene family, but HGNC:588 identifies the ATG12 gene. To provide clarity for systems that do not distinguish codes from genes and gene families, use \"http://www.genenames.org\" for genes and \"http://www.genenames.org/genegroup\" for gene families as code system URIs.\r\n\r\n\"For each known human gene we approve a gene name and symbol (short-form abbreviation). All approved symbols are stored in the HGNC database,[www.genenames.org](https://www.genenames.org/tools/search), a curated online repository of HGNC-approved gene nomenclature, gene groups and associated resources including links to genomic, proteomic and phenotypic information. Each symbol is unique and we ensure that each gene is only given one approved gene symbol. It is necessary to provide a unique symbol for each gene so that we and others can talk about them, and this also facilitates electronic data retrieval from publications and databases.\"\r\n\r\nFor more information on the use of HGNC Genes, see [https://terminology.hl7.org/CodeSystem-v3-hgnc.html](https://terminology.hl7.org/CodeSystem-v3-hgnc.html).\r\n\r\nHGNC is a free database for the public.\r\n\r\nPlease see https://www.genenames.org/ for more info.",
      "uses" : {
      },
      "http://hl7.org/fhir/uv/genomics-reporting/STU3/ValueSet-hgnc-vs.html" : "HUGO Gene Nomenclature Committee Gene Names (HGNC)"
    },
    {
      "url" : "http://www.sequenceontology.org",
      "version" : "1.0.0",
      "status" : "active",
      "name" : "SO",
      "title" : "Sequence Ontology",
      "description" : "\"The Sequence Ontology is a set of terms and relationships used to describe the features and attributes of biological sequence. SO includes different kinds of features which can be located on the sequence. Biological features are those which are defined by their disposition to be involved in a biological process.\"\r\n\r\n\"The Sequence Ontologies are provided as a resource to the biological community. They have the following obvious uses:\r\n\r\n* To provide for a structured controlled vocabulary for the description of primary annotations of nucleic acid sequence, e.g. the annotations shared by a DAS server ([BioDAS](http://www.biodas.org/documents/das2/das2_protocol.html), [Biosapiens DAS](http://www.biosapiens.info/page.php?page=das_portal)), or annotations encoded by [GFF3](http://www.sequenceontology.org/gff3.shtml).\"\r\n\r\n* To provide for a structured representation of these annotations within databases. Were genes within model organism databases to be annotated with these terms then it would be possible to query all these databases for, for example, all genes whose transcripts are edited, or trans-spliced, or are bound by a particular protein. One such genomic database is [Chado](http://www.gmod.org/wiki/Chado).\r\n\r\n* To provide a structured controlled vocabulary for the description of mutations at both the sequence and more gross level in the context of genomic databases.\"\r\n\r\n\"The Sequence Ontology is part of [OBO](http://www.obofoundry.org/). It has close links to other ontology projects such as the [RNAO consortium](http://roc.bgsu.edu/), and the [Biosapiens polypeptide features](http://www.ebi.ac.uk/ontology-lookup/browse.do?ontName=BS).\"\r\n\r\nThe content can be browsed [here](http://www.sequenceontology.org/browser/obob.cgi)\r\n\r\nThe content can be downloaded [here](https://github.com/The-Sequence-Ontology/SO-Ontologies)\r\n\r\nFor information on contributing, please see [here](https://github.com/The-Sequence-Ontology/SO-Ontologies#contributing)\r\n\r\nTo request a term or register feedback, see [here](https://github.com/The-Sequence-Ontology/SO-Ontologies/issues)",
      "uses" : {
      },
      "http://hl7.org/fhir/uv/genomics-reporting/STU3/ValueSet-dna-change-type-vs.html" : "DNA Change Type"
    },
    {
      "url" : "urn:ietf:bcp:47",
      "version" : "2.0.1",
      "status" : "active",
      "name" : "Ietf3066",
      "title" : "Tags for the Identification of Languages",
      "description" : "Older value from OID registry.  Superceded; see recommendations in BCP-47.",
      "oids" : ["2.16.840.1.113883.6.121"],
      "uses" : {
      },
      "http://hl7.org/fhir/R4/valueset-languages.html" : "Common Languages"
    }
  ]
}
