<?xml version="1.0" encoding="UTF-8"?>

<ValueSet xmlns="http://hl7.org/fhir">
  <id value="family-relationship-vs"/>
  <text>
    <status value="generated"/><div xmlns="http://www.w3.org/1999/xhtml"><p class="res-header-id"><b>Generated Narrative: ValueSet family-relationship-vs</b></p><a name="family-relationship-vs"> </a><a name="hcfamily-relationship-vs"> </a><a name="family-relationship-vs-en-US"> </a><ul><li>Include these codes as defined in <a href="http://www.snomed.org/"><code>http://snomed.info/sct</code></a><table class="none"><tr><td style="white-space:nowrap"><b>Code</b></td><td><b>Display</b></td></tr><tr><td><a href="http://snomed.info/id/65656005">65656005</a></td><td>Natural mother</td></tr><tr><td><a href="http://snomed.info/id/9947008">9947008</a></td><td>Natural father</td></tr><tr><td><a href="http://snomed.info/id/83420006">83420006</a></td><td>Natural daughter</td></tr><tr><td><a href="http://snomed.info/id/113160008">113160008</a></td><td>Natural son</td></tr><tr><td><a href="http://snomed.info/id/60614009">60614009</a></td><td>Natural brother</td></tr><tr><td><a href="http://snomed.info/id/73678001">73678001</a></td><td>Natural sister</td></tr><tr><td><a href="http://snomed.info/id/11286003">11286003</a></td><td>Twin sibling</td></tr><tr><td><a href="http://snomed.info/id/45929001">45929001</a></td><td>Half-brother</td></tr><tr><td><a href="http://snomed.info/id/2272004">2272004</a></td><td>Half-sister</td></tr><tr><td><a href="http://snomed.info/id/62296006">62296006</a></td><td>Natural grandfather</td></tr><tr><td><a href="http://snomed.info/id/17945006">17945006</a></td><td>Natural grandmother</td></tr><tr><td><a href="http://snomed.info/id/1220561009">1220561009</a></td><td>Not recorded</td></tr></table></li></ul></div>
  </text>
  <url value="https://github.com/BIH-CEI/RareLink/ValueSet/family-relationship-vs"/>
  <version value="2.0.0"/>
  <name value="FamilyRelationshipVS"/>
  <title value="Family Relationship Value Set"/>
  <status value="draft"/>
  <date value="2025-05-08T01:03:44+09:00"/>
  <publisher value="Berlin Institute of Health - Charité Universitätsmedizin Berlin"/>
  <contact>
    <name value="Berlin Institute of Health - Charité Universitätsmedizin Berlin"/>
    <telecom>
      <system value="url"/>
      <value value="https://github.com/BIH-CEI/RareLink"/>
    </telecom>
    <telecom>
      <system value="email"/>
      <value value="adam.graefe@charite.de"/>
    </telecom>
  </contact>
  <description value="Value set for capturing family member relationships."/>
  <compose>
    <include>
      <system value="http://snomed.info/sct"/>
      <concept>
        <code value="65656005"/>
        <display value="Natural mother"/>
      </concept>
      <concept>
        <code value="9947008"/>
        <display value="Natural father"/>
      </concept>
      <concept>
        <code value="83420006"/>
        <display value="Natural daughter"/>
      </concept>
      <concept>
        <code value="113160008"/>
        <display value="Natural son"/>
      </concept>
      <concept>
        <code value="60614009"/>
        <display value="Natural brother"/>
      </concept>
      <concept>
        <code value="73678001"/>
        <display value="Natural sister"/>
      </concept>
      <concept>
        <code value="11286003"/>
        <display value="Twin sibling"/>
      </concept>
      <concept>
        <code value="45929001"/>
        <display value="Half-brother"/>
      </concept>
      <concept>
        <code value="2272004"/>
        <display value="Half-sister"/>
      </concept>
      <concept>
        <code value="62296006"/>
        <display value="Natural grandfather"/>
      </concept>
      <concept>
        <code value="17945006"/>
        <display value="Natural grandmother"/>
      </concept>
      <concept>
        <code value="1220561009"/>
        <display value="Not recorded"/>
      </concept>
    </include>
  </compose>
</ValueSet>