{
  "codeSystems" : [
    {
      "url" : "https://github.com/BIH-CEI/RareLink/ValueSet/age-at-diagnosis-vs",
      "version" : "2.0.0",
      "status" : "draft",
      "name" : "AgeAtDiagnosisVS",
      "title" : "Age at Diagnosis Value Set",
      "description" : "Value set for capturing age at diagnosis.",
      "systems" : ["http://snomed.info/sct"]
    },
    {
      "url" : "https://github.com/BIH-CEI/RareLink/ValueSet/age-at-onset-vs",
      "version" : "2.0.0",
      "status" : "draft",
      "name" : "AgeAtOnsetVS",
      "title" : "Age at Onset Value Set",
      "description" : "Value set for capturing age at onset.",
      "systems" : ["http://snomed.info/sct"]
    },
    {
      "url" : "https://github.com/BIH-CEI/RareLink/ValueSet/age-category-vs",
      "version" : "2.0.0",
      "status" : "draft",
      "name" : "AgeCategoryVS",
      "title" : "Age Category Value Set",
      "description" : "Value set for capturing the age category of a patient.",
      "systems" : ["http://snomed.info/sct"]
    },
    {
      "url" : "https://github.com/BIH-CEI/RareLink/ValueSet/age-of-onset-vs",
      "version" : "2.0.0",
      "status" : "draft",
      "name" : "AgeOfOnsetVS",
      "title" : "Age of Onset Value Set",
      "description" : "Value set for capturing the age of onset for phenotypes.",
      "systems" : ["http://purl.obolibrary.org/obo/hp.owl"]
    },
    {
      "url" : "https://github.com/BIH-CEI/RareLink/ValueSet/agreement-to-be-contacted-vs",
      "version" : "2.0.0",
      "status" : "draft",
      "name" : "AgreementToBeContactedVS",
      "title" : "Agreement to Be Contacted Value Set",
      "description" : "Value set for capturing agreement to be contacted for research.",
      "systems" : ["http://snomed.info/sct"]
    },
    {
      "url" : "https://github.com/BIH-CEI/RareLink/ValueSet/clinical-significance-vs",
      "version" : "2.0.0",
      "status" : "draft",
      "name" : "ClinicalSignificanceVS",
      "title" : "Clinical Significance Value Set",
      "description" : "LOINC LA codes for the clinical significance of a variant.",
      "systems" : ["http://loinc.org"]
    },
    {
      "url" : "https://github.com/BIH-CEI/RareLink/ValueSet/consanguinity-vs",
      "version" : "2.0.0",
      "status" : "draft",
      "name" : "ConsanguinityVS",
      "title" : "Consanguinity Value Set",
      "description" : "Value set for indicating whether there is consanguinity in the family relationship.",
      "systems" : ["http://snomed.info/sct"]
    },
    {
      "url" : "https://github.com/BIH-CEI/RareLink/ValueSet/consent-to-reuse-vs",
      "version" : "2.0.0",
      "status" : "draft",
      "name" : "ConsentToReuseVS",
      "title" : "Consent to Reuse Data Value Set",
      "description" : "Value set for capturing consent to reuse data.",
      "systems" : ["http://snomed.info/sct"]
    },
    {
      "url" : "https://github.com/BIH-CEI/RareLink/ValueSet/dna-change-type-vs",
      "version" : "2.0.0",
      "status" : "draft",
      "name" : "DNAChangeTypeVS",
      "title" : "DNA Change Type Value Set",
      "description" : "LOINC LA codes enumerating various DNA change types.",
      "systems" : ["http://loinc.org"]
    },
    {
      "url" : "https://github.com/BIH-CEI/RareLink/ValueSet/encounter-class-vs",
      "version" : "2.0.0",
      "status" : "draft",
      "name" : "EncounterClassVS",
      "title" : "Encounter Class Value Set",
      "description" : "Value set for encounter classes, including custom RareLink-specific codes.",
      "systems" : [
        "http://hl7.org/fhir/R4",
        "http://github.com/BIH-CEI/RareLink",
        "http://snomed.info/sct"
      ]
    },
    {
      "url" : "https://github.com/BIH-CEI/RareLink/ValueSet/family-relationship-vs",
      "version" : "2.0.0",
      "status" : "draft",
      "name" : "FamilyRelationshipVS",
      "title" : "Family Relationship Value Set",
      "description" : "Value set for capturing family member relationships.",
      "systems" : ["http://snomed.info/sct"]
    },
    {
      "url" : "https://github.com/BIH-CEI/RareLink/ValueSet/family-sex-vs",
      "version" : "2.0.0",
      "status" : "draft",
      "name" : "FamilySexVS",
      "title" : "Family Member Sex Value Set",
      "description" : "Value set for capturing the sex of a family member.",
      "systems" : ["http://snomed.info/sct"]
    },
    {
      "url" : "https://github.com/BIH-CEI/RareLink/ValueSet/genomic-source-class-vs",
      "version" : "2.0.0",
      "status" : "draft",
      "name" : "GenomicSourceClassVS",
      "title" : "Genomic Source Class Value Set",
      "description" : "LOINC LA codes enumerating germline, somatic, fetal, etc.",
      "systems" : ["http://loinc.org"]
    },
    {
      "url" : "https://github.com/BIH-CEI/RareLink/ValueSet/karyotypic-sex-vs",
      "version" : "2.0.0",
      "status" : "draft",
      "name" : "KaryotypicSexVS",
      "title" : "Karyotypic Sex Value Set",
      "description" : "Value set for capturing karyotypic sex.",
      "systems" : ["http://snomed.info/sct"]
    },
    {
      "url" : "https://github.com/BIH-CEI/RareLink/ValueSet/level-of-evidence-vs",
      "version" : "2.0.0",
      "status" : "draft",
      "name" : "LevelOfEvidenceVS",
      "title" : "Level of Evidence Value Set",
      "description" : "LOINC LA codes describing evidence strength for a variant.",
      "systems" : ["http://loinc.org"]
    },
    {
      "url" : "https://github.com/BIH-CEI/RareLink/ValueSet/phenotype-status-vs",
      "version" : "2.0.0",
      "status" : "draft",
      "name" : "PhenotypeStatusVS",
      "title" : "Phenotype Status Value Set",
      "description" : "Value set for capturing phenotype status.",
      "systems" : ["http://snomed.info/sct"]
    },
    {
      "url" : "https://github.com/BIH-CEI/RareLink/ValueSet/phenotypie-severity-vs",
      "version" : "2.0.0",
      "status" : "draft",
      "name" : "PhenotypeSeverityVS",
      "title" : "Phenotype Severity Value Set",
      "description" : "Value set for capturing phenotype severity.",
      "systems" : ["http://purl.obolibrary.org/obo/hp.owl"]
    },
    {
      "url" : "https://github.com/BIH-CEI/RareLink/ValueSet/propositus-vs",
      "version" : "2.0.0",
      "status" : "draft",
      "name" : "PropositusVS",
      "title" : "Propositus Value Set",
      "description" : "Value set for indicating whether the family member is the propositus.",
      "systems" : ["http://snomed.info/sct"]
    },
    {
      "url" : "https://github.com/BIH-CEI/RareLink/ValueSet/reference-genome-vs",
      "version" : "2.0.0",
      "status" : "draft",
      "name" : "ReferenceGenomeVS",
      "title" : "Reference Genome Value Set",
      "description" : "LOINC LA codes specifying the reference genome build.",
      "systems" : ["http://loinc.org"]
    },
    {
      "url" : "https://github.com/BIH-CEI/RareLink/ValueSet/severity-vs",
      "version" : "2.0.0",
      "status" : "draft",
      "name" : "SeverityVS",
      "title" : "Severity Value Set",
      "description" : "Value set for severity levels of conditions.",
      "systems" : ["http://snomed.info/sct"]
    },
    {
      "url" : "https://github.com/BIH-CEI/RareLink/ValueSet/sex-at-birth-vs",
      "version" : "2.0.0",
      "status" : "draft",
      "name" : "SexAtBirthVS",
      "title" : "Sex at Birth Value Set",
      "description" : "Value set for capturing the sex assigned at birth.",
      "systems" : ["http://snomed.info/sct"]
    },
    {
      "url" : "https://github.com/BIH-CEI/RareLink/ValueSet/structural-variant-method-vs",
      "version" : "2.0.0",
      "status" : "draft",
      "name" : "StructuralVariantMethodVS",
      "title" : "Structural Variant Method Value Set",
      "description" : "LOINC LA codes enumerating methods for detecting structural variants.",
      "systems" : ["http://loinc.org"]
    },
    {
      "url" : "https://github.com/BIH-CEI/RareLink/ValueSet/temporal-pattern-vs",
      "version" : "2.0.0",
      "status" : "draft",
      "name" : "TemporalPatternVS",
      "title" : "Temporal Pattern Value Set",
      "description" : "Value set for capturing the temporal pattern of phenotypic features.",
      "systems" : ["http://purl.obolibrary.org/obo/hp.owl"]
    },
    {
      "url" : "https://github.com/BIH-CEI/RareLink/ValueSet/undiagnosed-rd-case-vs",
      "version" : "2.0.0",
      "status" : "draft",
      "name" : "UndiagnosedRDCaseVS",
      "title" : "Undiagnosed Rare Disease Case Value Set",
      "description" : "Value set for capturing undiagnosed rare disease cases.",
      "systems" : ["http://snomed.info/sct", "http://www.orpha.net/ORDO"]
    },
    {
      "url" : "https://github.com/BIH-CEI/RareLink/ValueSet/vital-status-vs",
      "version" : "2.0.0",
      "status" : "draft",
      "name" : "VitalStatusVS",
      "title" : "Vital Status Value Set",
      "description" : "Value set for capturing the vital status of the patient.",
      "systems" : ["http://snomed.info/sct"]
    },
    {
      "url" : "https://github.com/BIH-CEI/RareLink/ValueSet/zygosity-vs",
      "version" : "2.0.0",
      "status" : "draft",
      "name" : "ZygosityVS",
      "title" : "Zygosity Value Set",
      "description" : "LOINC LA codes enumerating various zygosity states.",
      "systems" : ["http://loinc.org"]
    }
  ]
}
