{
  "resourceType" : "ValueSet",
  "id" : "sex-at-birth-vs",
  "text" : {
    "status" : "generated",
    "div" : "<div xmlns=\"http://www.w3.org/1999/xhtml\"><p class=\"res-header-id\"><b>Generated Narrative: ValueSet sex-at-birth-vs</b></p><a name=\"sex-at-birth-vs\"> </a><a name=\"hcsex-at-birth-vs\"> </a><a name=\"sex-at-birth-vs-en-US\"> </a><ul><li>Include these codes as defined in <a href=\"http://www.snomed.org/\"><code>http://snomed.info/sct</code></a><table class=\"none\"><tr><td style=\"white-space:nowrap\"><b>Code</b></td><td><b>Display</b></td></tr><tr><td><a href=\"http://snomed.info/id/248152002\">248152002</a></td><td>Female</td></tr><tr><td><a href=\"http://snomed.info/id/248153007\">248153007</a></td><td>Male</td></tr><tr><td><a href=\"http://snomed.info/id/184115007\">184115007</a></td><td>Patient sex unknown</td></tr><tr><td><a href=\"http://snomed.info/id/32570691000036108\">32570691000036108</a></td><td>Intersex</td></tr><tr><td><a href=\"http://snomed.info/id/1220561009\">1220561009</a></td><td>Not recorded</td></tr></table></li></ul></div>"
  },
  "url" : "https://github.com/BIH-CEI/RareLink/ValueSet/sex-at-birth-vs",
  "version" : "2.0.0",
  "name" : "SexAtBirthVS",
  "title" : "Sex at Birth Value Set",
  "status" : "draft",
  "date" : "2025-05-08T01:03:44+09:00",
  "publisher" : "Berlin Institute of Health - Charité Universitätsmedizin Berlin",
  "contact" : [{
    "name" : "Berlin Institute of Health - Charité Universitätsmedizin Berlin",
    "telecom" : [{
      "system" : "url",
      "value" : "https://github.com/BIH-CEI/RareLink"
    },
    {
      "system" : "email",
      "value" : "adam.graefe@charite.de"
    }]
  }],
  "description" : "Value set for capturing the sex assigned at birth.",
  "compose" : {
    "include" : [{
      "system" : "http://snomed.info/sct",
      "concept" : [{
        "code" : "248152002",
        "display" : "Female"
      },
      {
        "code" : "248153007",
        "display" : "Male"
      },
      {
        "code" : "184115007",
        "display" : "Patient sex unknown"
      },
      {
        "code" : "32570691000036108",
        "display" : "Intersex"
      },
      {
        "code" : "1220561009",
        "display" : "Not recorded"
      }]
    }]
  }
}