<?xml version="1.0" encoding="UTF-8"?>

<ValueSet xmlns="http://hl7.org/fhir">
  <id value="agreement-to-be-contacted-vs"/>
  <text>
    <status value="generated"/><div xmlns="http://www.w3.org/1999/xhtml"><p class="res-header-id"><b>Generated Narrative: ValueSet agreement-to-be-contacted-vs</b></p><a name="agreement-to-be-contacted-vs"> </a><a name="hcagreement-to-be-contacted-vs"> </a><ul><li>Include these codes as defined in <a href="http://www.snomed.org/"><code>http://snomed.info/sct</code></a><span title="Version is not explicitly stated. No matching Code System found"> version Not Stated (use latest from terminology server)</span><table class="none"><tr><td style="white-space:nowrap"><b>Code</b></td><td><b>Display</b></td></tr><tr><td><a href="http://snomed.info/id/373066001">373066001</a></td><td>Yes</td></tr><tr><td><a href="http://snomed.info/id/373067005">373067005</a></td><td>No</td></tr><tr><td><a href="http://snomed.info/id/261665006">261665006</a></td><td>Unknown</td></tr></table></li></ul></div>
  </text>
  <url value="https://rarelink.bih-charite.de/fhir/ValueSet/agreement-to-be-contacted-vs"/>
  <version value="2.0.0"/>
  <name value="AgreementToBeContactedVS"/>
  <title value="Agreement to Be Contacted Value Set (ERDRI-CDS)"/>
  <status value="draft"/>
  <date value="2025-12-15T08:42:23+00:00"/>
  <publisher value="Berlin Institute of Health - Charité Universitätsmedizin Berlin"/>
  <contact>
    <name value="Berlin Institute of Health - Charité Universitätsmedizin Berlin"/>
    <telecom>
      <system value="url"/>
      <value value="https://github.com/BIH-CEI/RareLink"/>
    </telecom>
    <telecom>
      <system value="email"/>
      <value value="adam.graefe@charite.de"/>
    </telecom>
  </contact>
  <description value="Value set for capturing agreement to be contacted for research."/>
  <compose>
    <include>
      <system value="http://snomed.info/sct"/>
      <concept>
        <code value="373066001"/>
        <display value="Yes"/>
      </concept>
      <concept>
        <code value="373067005"/>
        <display value="No"/>
      </concept>
      <concept>
        <code value="261665006"/>
        <display value="Unknown"/>
      </concept>
    </include>
  </compose>
</ValueSet>