{
  "resourceType" : "ValueSet",
  "id" : "age-at-onset-vs",
  "text" : {
    "status" : "generated",
    "div" : "<div xmlns=\"http://www.w3.org/1999/xhtml\"><p class=\"res-header-id\"><b>Generated Narrative: ValueSet age-at-onset-vs</b></p><a name=\"age-at-onset-vs\"> </a><a name=\"hcage-at-onset-vs\"> </a><ul><li>Include these codes as defined in <a href=\"http://www.snomed.org/\"><code>http://snomed.info/sct</code></a><span title=\"Version is not explicitly stated. No matching Code System found\"> version Not Stated (use latest from terminology server)</span><table class=\"none\"><tr><td style=\"white-space:nowrap\"><b>Code</b></td><td><b>Display</b></td></tr><tr><td><a href=\"http://snomed.info/id/118189007\">118189007</a></td><td>Prenatal</td></tr><tr><td><a href=\"http://snomed.info/id/3950001\">3950001</a></td><td>Birth</td></tr><tr><td><a href=\"http://snomed.info/id/410672004\">410672004</a></td><td>Date</td></tr><tr><td><a href=\"http://snomed.info/id/261665006\">261665006</a></td><td>Unknown</td></tr></table></li></ul></div>"
  },
  "url" : "https://rarelink.bih-charite.de/fhir/ValueSet/age-at-onset-vs",
  "version" : "2.0.0",
  "name" : "AgeAtOnsetVS",
  "title" : "Age at Onset Value Set",
  "status" : "draft",
  "date" : "2025-12-15T08:42:23+00:00",
  "publisher" : "Berlin Institute of Health - Charité Universitätsmedizin Berlin",
  "contact" : [{
    "name" : "Berlin Institute of Health - Charité Universitätsmedizin Berlin",
    "telecom" : [{
      "system" : "url",
      "value" : "https://github.com/BIH-CEI/RareLink"
    },
    {
      "system" : "email",
      "value" : "adam.graefe@charite.de"
    }]
  }],
  "description" : "Value set for capturing age at onset.",
  "compose" : {
    "include" : [{
      "system" : "http://snomed.info/sct",
      "concept" : [{
        "code" : "118189007",
        "display" : "Prenatal"
      },
      {
        "code" : "3950001",
        "display" : "Birth"
      },
      {
        "code" : "410672004",
        "display" : "Date"
      },
      {
        "code" : "261665006",
        "display" : "Unknown"
      }]
    }]
  }
}