{
  "resourceType" : "ValueSet",
  "id" : "propositus-vs",
  "text" : {
    "status" : "generated",
    "div" : "<div xmlns=\"http://www.w3.org/1999/xhtml\"><p class=\"res-header-id\"><b>Generated Narrative: ValueSet propositus-vs</b></p><a name=\"propositus-vs\"> </a><a name=\"hcpropositus-vs\"> </a><ul><li>Include these codes as defined in <a href=\"http://www.snomed.org/\"><code>http://snomed.info/sct</code></a><span title=\"Version is not explicitly stated. No matching Code System found\"> version Not Stated (use latest from terminology server)</span><table class=\"none\"><tr><td style=\"white-space:nowrap\"><b>Code</b></td><td><b>Display</b></td></tr><tr><td><a href=\"http://snomed.info/id/373066001\">373066001</a></td><td>Yes</td></tr><tr><td><a href=\"http://snomed.info/id/373067005\">373067005</a></td><td>No</td></tr><tr><td><a href=\"http://snomed.info/id/261665006\">261665006</a></td><td>Unknown</td></tr><tr><td><a href=\"http://snomed.info/id/1220561009\">1220561009</a></td><td>Not recorded</td></tr></table></li></ul></div>"
  },
  "url" : "https://rarelink.bih-charite.de/fhir/ValueSet/propositus-vs",
  "version" : "2.0.0",
  "name" : "PropositusVS",
  "title" : "Propositus Value Set",
  "status" : "draft",
  "date" : "2025-12-15T08:42:23+00:00",
  "publisher" : "Berlin Institute of Health - Charité Universitätsmedizin Berlin",
  "contact" : [{
    "name" : "Berlin Institute of Health - Charité Universitätsmedizin Berlin",
    "telecom" : [{
      "system" : "url",
      "value" : "https://github.com/BIH-CEI/RareLink"
    },
    {
      "system" : "email",
      "value" : "adam.graefe@charite.de"
    }]
  }],
  "description" : "Value set for indicating whether the family member is the propositus.",
  "compose" : {
    "include" : [{
      "system" : "http://snomed.info/sct",
      "concept" : [{
        "code" : "373066001",
        "display" : "Yes"
      },
      {
        "code" : "373067005",
        "display" : "No"
      },
      {
        "code" : "261665006",
        "display" : "Unknown"
      },
      {
        "code" : "1220561009",
        "display" : "Not recorded"
      }]
    }]
  }
}