{
  "resourceType" : "ValueSet",
  "id" : "encounter-class-vs",
  "text" : {
    "status" : "generated",
    "div" : "<div xmlns=\"http://www.w3.org/1999/xhtml\"><p class=\"res-header-id\"><b>Generated Narrative: ValueSet encounter-class-vs</b></p><a name=\"encounter-class-vs\"> </a><a name=\"hcencounter-class-vs\"> </a><p>This value set includes codes based on the following rules:</p><ul><li>Include these codes as defined in <code>http://hl7.org/fhir/R4</code><span title=\"Version is not explicitly stated. No matching Code System found\"> version Not Stated (use latest from terminology server)</span><table class=\"none\"><tr><td style=\"white-space:nowrap\"><b>Code</b></td><td><b>Display</b></td></tr><tr><td>AMB</td><td>Ambulatory</td></tr><tr><td>IMP</td><td>Inpatient</td></tr><tr><td>OBSENC</td><td>Observation</td></tr><tr><td>EMER</td><td>Emergency</td></tr><tr><td>VR</td><td>Virtual</td></tr><tr><td>HH</td><td>Home Health</td></tr></table></li><li>Include these codes as defined in <code>http://github.com/BIH-CEI/RareLink</code><span title=\"Version is not explicitly stated. No matching Code System found\"> version Not Stated (use latest from terminology server)</span><table class=\"none\"><tr><td style=\"white-space:nowrap\"><b>Code</b></td><td><b>Display</b></td></tr><tr><td>RDC</td><td>RD Specialist Center</td></tr></table></li><li>Include these codes as defined in <a href=\"http://www.snomed.org/\"><code>http://snomed.info/sct</code></a><span title=\"Version is not explicitly stated. No matching Code System found\"> version Not Stated (use latest from terminology server)</span><table class=\"none\"><tr><td style=\"white-space:nowrap\"><b>Code</b></td><td><b>Display</b></td></tr><tr><td><a href=\"http://snomed.info/id/261665006\">261665006</a></td><td>Unknown</td></tr></table></li></ul></div>"
  },
  "url" : "https://rarelink.bih-charite.de/fhir/ValueSet/encounter-class-vs",
  "version" : "2.0.0",
  "name" : "EncounterClassVS",
  "title" : "Encounter Class Value Set",
  "status" : "draft",
  "date" : "2025-12-15T08:42:23+00:00",
  "publisher" : "Berlin Institute of Health - Charité Universitätsmedizin Berlin",
  "contact" : [{
    "name" : "Berlin Institute of Health - Charité Universitätsmedizin Berlin",
    "telecom" : [{
      "system" : "url",
      "value" : "https://github.com/BIH-CEI/RareLink"
    },
    {
      "system" : "email",
      "value" : "adam.graefe@charite.de"
    }]
  }],
  "description" : "Value set for encounter classes, including custom RareLink-specific codes.",
  "compose" : {
    "include" : [{
      "system" : "http://hl7.org/fhir/R4",
      "concept" : [{
        "code" : "AMB",
        "display" : "Ambulatory"
      },
      {
        "code" : "IMP",
        "display" : "Inpatient"
      },
      {
        "code" : "OBSENC",
        "display" : "Observation"
      },
      {
        "code" : "EMER",
        "display" : "Emergency"
      },
      {
        "code" : "VR",
        "display" : "Virtual"
      },
      {
        "code" : "HH",
        "display" : "Home Health"
      }]
    },
    {
      "system" : "http://github.com/BIH-CEI/RareLink",
      "concept" : [{
        "code" : "RDC",
        "display" : "RD Specialist Center"
      }]
    },
    {
      "system" : "http://snomed.info/sct",
      "concept" : [{
        "code" : "261665006",
        "display" : "Unknown"
      }]
    }]
  }
}