<?xml version="1.0" encoding="UTF-8"?>

<ValueSet xmlns="http://hl7.org/fhir">
  <id value="phenotype-status-vs"/>
  <text>
    <status value="generated"/><div xmlns="http://www.w3.org/1999/xhtml"><p class="res-header-id"><b>Generated Narrative: ValueSet phenotype-status-vs</b></p><a name="phenotype-status-vs"> </a><a name="hcphenotype-status-vs"> </a><ul><li>Include these codes as defined in <a href="http://www.snomed.org/"><code>http://snomed.info/sct</code></a><span title="Version is not explicitly stated. No matching Code System found"> version Not Stated (use latest from terminology server)</span><table class="none"><tr><td style="white-space:nowrap"><b>Code</b></td><td><b>Display</b></td></tr><tr><td><a href="http://snomed.info/id/410605003">410605003</a></td><td>Confirmed present</td></tr><tr><td><a href="http://snomed.info/id/723511001">723511001</a></td><td>Refuted</td></tr></table></li></ul></div>
  </text>
  <url value="https://rarelink.bih-charite.de/fhir/ValueSet/phenotype-status-vs"/>
  <version value="2.0.0"/>
  <name value="PhenotypeStatusVS"/>
  <title value="Phenotype Status Value Set"/>
  <status value="draft"/>
  <date value="2025-12-15T08:42:23+00:00"/>
  <publisher value="Berlin Institute of Health - Charité Universitätsmedizin Berlin"/>
  <contact>
    <name value="Berlin Institute of Health - Charité Universitätsmedizin Berlin"/>
    <telecom>
      <system value="url"/>
      <value value="https://github.com/BIH-CEI/RareLink"/>
    </telecom>
    <telecom>
      <system value="email"/>
      <value value="adam.graefe@charite.de"/>
    </telecom>
  </contact>
  <description value="Value set for capturing phenotype status."/>
  <compose>
    <include>
      <system value="http://snomed.info/sct"/>
      <concept>
        <code value="410605003"/>
        <display value="Confirmed present"/>
      </concept>
      <concept>
        <code value="723511001"/>
        <display value="Refuted"/>
      </concept>
    </include>
  </compose>
</ValueSet>